ts,sensor_id,pm25,pm10,no2,o3,so2,co,nh3,c6h6,temp,hum
2026-04-30T09:00,1,3,15,12,47,15,1.1,7,1.1,19,45
2026-04-30T10:00,1,5,21,16,63,21,1.4,9,1.4,24,62
2026-04-30T11:00,1,3,15,11,45,15,1.1,7,1.1,23,59
2026-04-30T12:00,1,4,19,15,59,19,1.2,9,1.2,26,56
2026-04-30T13:00,1,4,18,14,56,18,1.3,8,1.3,25,53
2026-04-30T14:00,1,5,23,18,71,23,1.3,10,1.3,23,50
2026-04-30T15:00,1,3,12,9,36,12,0.8,5,0.8,24,47
2026-04-30T16:00,1,5,21,17,65,21,1.5,9,1.5,23,64
2026-04-30T17:00,1,5,21,16,63,21,1.6,9,1.6,22,61
2026-04-30T18:00,1,6,27,21,81,27,1.7,12,1.7,24,58
2026-04-30T19:00,1,6,25,20,78,25,1.8,11,1.8,23,55
2026-04-30T20:00,1,5,24,19,73,24,1.4,11,1.4,22,52
2026-04-30T21:00,1,3,12,10,38,12,0.9,5,0.9,23,49
2026-04-30T22:00,1,4,16,13,50,16,0.9,7,0.9,22,46
2026-04-30T23:00,1,2,9,7,26,9,0.7,4,0.7,21,73
2026-05-01T00:00,1,2,11,9,34,11,0.7,5,0.7,14,70
2026-05-01T01:00,1,2,11,8,33,11,0.7,5,0.7,13,67
2026-05-01T02:00,1,3,13,10,41,13,0.8,6,0.8,18,64
2026-05-01T03:00,1,2,7,5,21,7,0.5,3,0.5,13,61
2026-05-01T04:00,1,2,9,7,28,9,0.5,4,0.5,18,58
2026-05-01T05:00,1,4,16,13,50,16,1,7,1,17,45
2026-05-01T06:00,1,5,21,16,64,21,1.3,9,1.3,20,62
2026-05-01T07:00,1,6,27,21,82,27,1.9,12,1.9,20,59
2026-05-01T08:00,1,6,25,20,77,25,2,11,2,19,56
2026-05-01T09:00,1,4,18,14,55,18,1.3,8,1.3,21,53
2026-05-01T10:00,1,5,23,18,71,23,1.3,10,1.3,20,50
2026-05-01T11:00,1,4,17,13,51,17,1.1,7,1.1,19,47
2026-05-01T12:00,1,5,21,17,66,21,1.4,10,1.4,28,64
2026-05-01T13:00,1,5,21,16,63,21,1.4,9,1.4,27,61
2026-05-01T14:00,1,4,19,15,59,19,1.5,9,1.5,25,58
2026-05-01T15:00,1,3,14,11,42,14,1,6,1,26,55
2026-05-01T16:00,1,5,24,19,74,24,1.4,11,1.4,25,52
2026-05-01T17:00,1,5,23,18,71,23,1.5,10,1.5,24,49
2026-05-01T18:00,1,5,22,17,67,22,1.6,10,1.6,20,46
2026-05-01T19:00,1,6,29,22,87,29,2,13,2,19,63
2026-05-01T20:00,1,4,20,15,61,20,1.5,9,1.5,24,60
2026-05-01T21:00,1,3,14,11,43,14,1,6,1,19,57
2026-05-01T22:00,1,4,18,14,56,18,1.1,8,1.1,24,54
2026-05-01T23:00,1,2,10,8,30,10,0.6,4,0.6,23,61
2026-05-02T00:00,1,1,7,5,20,7,0.5,3,0.5,16,58
2026-05-02T01:00,1,2,9,7,26,9,0.5,4,0.5,15,55
2026-05-02T02:00,1,2,8,6,25,8,0.6,4,0.6,14,72
2026-05-02T03:00,1,1,6,5,18,6,0.5,3,0.5,15,69
2026-05-02T04:00,1,1,6,4,17,6,0.5,2,0.5,14,66
2026-05-02T05:00,1,3,13,10,40,13,0.8,6,0.8,13,53
2026-05-02T06:00,1,3,13,10,38,13,0.9,6,0.9,22,50
2026-05-02T07:00,1,5,22,17,66,22,1.2,10,1.2,22,47
2026-05-02T08:00,1,5,20,16,63,20,1.6,9,1.6,21,64
2026-05-02T09:00,1,3,15,11,45,15,1,7,1,23,61
2026-05-02T10:00,1,3,14,11,43,14,1.1,6,1.1,22,58
2026-05-02T11:00,1,3,14,11,42,14,0.9,6,0.9,21,55
2026-05-02T12:00,1,3,13,10,40,13,0.9,6,0.9,24,52
2026-05-02T13:00,1,4,17,13,51,17,1,7,1,23,49
2026-05-02T14:00,1,2,8,7,26,8,0.6,4,0.6,23,46
2026-05-02T15:00,1,2,11,9,34,11,0.8,5,0.8,22,63
2026-05-02T16:00,1,3,15,11,45,15,1.1,6,1.1,27,60
2026-05-02T17:00,1,4,19,15,58,19,1.2,8,1.2,26,57
2026-05-02T18:00,1,4,18,14,55,18,1.3,8,1.3,22,54
2026-05-02T19:00,1,5,23,18,70,23,1.3,10,1.3,21,51
2026-05-02T20:00,1,2,9,7,27,9,0.6,4,0.6,22,48
2026-05-02T21:00,1,3,12,9,35,12,0.7,5,0.7,21,45
2026-05-02T22:00,1,2,11,9,34,11,0.9,5,0.9,20,62
2026-05-02T23:00,1,2,8,6,24,8,0.5,4,0.5,19,69
2026-05-03T00:00,1,2,8,6,23,8,0.5,3,0.5,18,66
2026-05-03T01:00,1,2,10,7,29,10,0.6,4,0.6,17,63
2026-05-03T02:00,1,1,5,4,15,5,0.5,2,0.5,18,60
2026-05-03T03:00,1,1,7,5,20,7,0.5,3,0.5,17,57
2026-05-03T04:00,1,1,6,5,19,6,0.5,3,0.5,16,74
2026-05-03T05:00,1,3,15,12,45,15,0.9,7,0.9,15,61
2026-05-03T06:00,1,3,14,11,43,14,1,6,1,18,58
2026-05-03T07:00,1,4,18,14,55,18,1.4,8,1.4,18,55
2026-05-03T08:00,1,3,13,10,39,13,0.9,6,0.9,19,52
2026-05-03T09:00,1,4,17,13,51,17,1,7,1,19,49
2026-05-03T10:00,1,4,16,12,49,16,1,7,1,24,46
2026-05-03T11:00,1,3,15,12,47,15,1,7,1,23,63
2026-05-03T12:00,1,3,15,11,45,15,1,6,1,26,60
2026-05-03T13:00,1,3,14,11,42,14,1.1,6,1.1,25,57
2026-05-03T14:00,1,2,10,8,30,10,0.7,4,0.7,25,54
2026-05-03T15:00,1,3,13,10,39,13,0.7,6,0.7,24,51
2026-05-03T16:00,1,4,17,13,51,17,1,7,1,23,48
2026-05-03T17:00,1,3,16,12,48,16,1.1,7,1.1,22,45
2026-05-03T18:00,1,5,20,16,62,20,1.4,9,1.4,24,62
2026-05-03T19:00,1,4,19,15,58,19,1.5,8,1.5,23,59
2026-05-03T20:00,1,2,10,8,31,10,0.7,4,0.7,24,56
2026-05-03T21:00,1,3,13,10,40,13,0.8,6,0.8,23,53
2026-05-03T22:00,1,3,13,10,39,13,0.8,6,0.8,22,50
2026-05-03T23:00,1,1,7,5,20,7,0.5,3,0.5,21,57
2026-05-04T00:00,1,3,12,9,36,12,0.8,5,0.8,14,74
2026-05-04T01:00,1,2,11,9,34,11,0.9,5,0.9,13,71
2026-05-04T02:00,1,2,8,6,24,8,0.6,4,0.6,14,68
2026-05-04T03:00,1,2,8,6,23,8,0.6,3,0.6,13,65
2026-05-04T04:00,1,2,10,8,30,10,0.6,4,0.6,18,62
2026-05-04T05:00,1,4,17,13,52,17,1.2,8,1.2,17,49
2026-05-04T06:00,1,5,22,17,67,22,1.3,10,1.3,20,46
2026-05-04T07:00,1,6,28,22,86,28,2.2,12,2.2,20,63
2026-05-04T08:00,1,4,20,16,61,20,1.4,9,1.4,21,60
2026-05-04T09:00,1,4,19,15,59,19,1.5,9,1.5,21,57
2026-05-04T10:00,1,6,25,20,77,25,1.6,11,1.6,20,54
2026-05-04T11:00,1,4,18,14,54,18,1.2,8,1.2,19,51
2026-05-04T12:00,1,5,23,18,69,23,1.3,10,1.3,28,48
2026-05-04T13:00,1,3,11,9,35,11,0.8,5,0.8,23,45
2026-05-04T14:00,1,3,15,12,47,15,1.1,7,1.1,27,62
2026-05-04T15:00,1,3,15,11,45,15,1.1,7,1.1,26,59
2026-05-04T16:00,1,6,26,20,79,26,1.6,12,1.6,25,56
2026-05-04T17:00,1,5,25,19,75,25,1.7,11,1.7,24,53
2026-05-04T18:00,1,7,31,24,96,31,1.8,14,1.8,20,50
2026-05-04T19:00,1,4,16,12,49,16,1.1,7,1.1,21,47
2026-05-04T20:00,1,4,16,12,48,16,1.1,7,1.1,20,64
2026-05-04T21:00,1,3,15,12,47,15,1.2,7,1.2,19,61
2026-05-04T22:00,1,4,20,15,60,20,1.3,9,1.3,24,58
2026-05-04T23:00,1,2,10,8,32,10,0.7,5,0.7,23,65
2026-05-05T00:00,1,3,13,10,40,13,0.8,6,0.8,16,62
2026-05-05T01:00,1,2,7,5,21,7,0.5,3,0.5,17,59
2026-05-05T02:00,1,2,9,7,27,9,0.5,4,0.5,16,56
2026-05-05T03:00,1,2,9,7,26,9,0.7,4,0.7,15,73
2026-05-05T04:00,1,2,11,9,34,11,0.7,5,0.7,14,70
2026-05-05T05:00,1,4,19,15,59,19,1.4,9,1.4,13,57
2026-05-05T06:00,1,5,25,19,75,25,1.4,11,1.4,22,54
2026-05-05T07:00,1,4,17,13,53,17,1.2,8,1.2,18,51
2026-05-05T08:00,1,5,23,18,69,23,1.3,10,1.3,23,48
2026-05-05T09:00,1,5,22,17,67,22,1.4,10,1.4,23,45
2026-05-05T10:00,1,6,28,22,86,28,1.8,13,1.8,22,62
2026-05-05T11:00,1,4,20,16,61,20,1.4,9,1.4,21,59
2026-05-05T12:00,1,4,19,15,57,19,1.5,8,1.5,24,56
2026-05-05T13:00,1,3,13,10,40,13,0.9,6,0.9,25,53
2026-05-05T14:00,1,4,17,13,53,17,1,8,1,23,50
2026-05-05T15:00,1,4,17,13,51,17,1.1,7,1.1,22,47
2026-05-05T16:00,1,6,29,23,88,29,1.8,13,1.8,27,64
2026-05-05T17:00,1,6,28,22,85,28,1.9,12,1.9,26,61
2026-05-05T18:00,1,6,26,20,79,26,2,12,2,22,58
2026-05-05T19:00,1,4,18,14,56,18,1.3,8,1.3,23,55
2026-05-05T20:00,1,4,18,14,55,18,1,8,1,22,52
2026-05-05T21:00,1,4,17,13,53,17,1.1,8,1.1,21,49
2026-05-05T22:00,1,4,16,13,50,16,1.2,7,1.2,20,46
2026-05-05T23:00,1,3,12,9,36,12,0.8,5,0.8,19,73
2026-05-06T00:00,1,2,11,8,33,11,0.8,5,0.8,18,70
2026-05-06T01:00,1,2,8,6,24,8,0.5,3,0.5,13,67
2026-05-06T02:00,1,2,10,8,31,10,0.6,4,0.6,18,64
2026-05-06T03:00,1,2,10,8,30,10,0.6,4,0.6,17,61
2026-05-06T04:00,1,2,9,7,28,9,0.7,4,0.7,16,58
2026-05-06T05:00,1,5,22,17,66,22,1.2,10,1.2,15,45
2026-05-06T06:00,1,5,20,16,62,20,1.6,9,1.6,18,62
2026-05-06T07:00,1,4,20,15,60,20,1.4,9,1.4,20,59
2026-05-06T08:00,1,4,19,15,58,19,1.5,8,1.5,19,56
2026-05-06T09:00,1,6,25,19,76,25,1.6,11,1.6,19,53
2026-05-06T10:00,1,5,24,18,72,24,1.7,10,1.7,24,50
2026-05-06T11:00,1,5,22,17,68,22,1.3,10,1.3,23,47
2026-05-06T12:00,1,5,21,16,64,21,1.6,9,1.6,26,64
2026-05-06T13:00,1,3,15,12,46,15,1.1,7,1.1,27,61
2026-05-06T14:00,1,3,14,11,44,14,1.1,6,1.1,25,58
2026-05-06T15:00,1,4,19,15,58,19,1.2,8,1.2,24,55
2026-05-06T16:00,1,5,24,19,74,24,1.7,11,1.7,23,52
2026-05-06T17:00,1,7,31,24,95,31,1.8,14,1.8,22,49
2026-05-06T18:00,1,4,16,12,48,16,1.1,7,1.1,20,46
2026-05-06T19:00,1,5,21,16,64,21,1.5,9,1.5,19,63
2026-05-06T20:00,1,3,15,12,46,15,1.2,7,1.2,24,60
2026-05-06T21:00,1,4,19,15,59,19,1.2,9,1.2,23,57
2026-05-06T22:00,1,4,19,14,57,19,1.3,8,1.3,22,54
2026-05-06T23:00,1,3,13,10,40,13,0.7,6,0.7,21,61
2026-05-07T00:00,1,1,7,5,20,7,0.5,3,0.5,16,58
2026-05-07T01:00,1,2,9,7,27,9,0.5,4,0.5,15,55
2026-05-07T02:00,1,2,9,7,26,9,0.7,4,0.7,14,72
2026-05-07T03:00,1,2,11,9,34,11,0.7,5,0.7,13,69
2026-05-07T04:00,1,2,11,8,32,11,0.7,5,0.7,18,66
2026-05-07T05:00,1,5,24,19,74,24,1.4,11,1.4,17,53
2026-05-07T06:00,1,3,13,10,38,13,0.9,6,0.9,22,50
2026-05-07T07:00,1,5,22,17,68,22,1.3,10,1.3,22,47
2026-05-07T08:00,1,5,22,17,66,22,1.7,10,1.7,21,64
2026-04-30T09:00,2,24,76,36,95,47,4.7,30,3.7,19,45
2026-04-30T10:00,2,32,101,48,126,63,6.3,40,4.9,24,62
2026-04-30T11:00,2,23,72,34,90,45,5,29,3.9,23,59
2026-04-30T12:00,2,30,94,45,117,59,5.3,37,4.2,26,56
2026-04-30T13:00,2,28,89,43,112,56,5.6,35,4.4,25,53
2026-04-30T14:00,2,36,114,54,142,71,5.8,45,4.6,23,50
2026-04-30T15:00,2,19,58,28,73,36,3.6,23,2.9,24,47
2026-04-30T16:00,2,33,104,50,131,65,6.5,42,5.1,23,64
2026-04-30T17:00,2,32,101,48,126,63,6.9,40,5.5,22,61
2026-04-30T18:00,2,41,130,62,163,81,7.3,52,5.8,24,58
2026-04-30T19:00,2,40,124,59,155,78,7.7,49,6.1,23,55
2026-04-30T20:00,2,37,117,56,146,73,6,46,4.7,22,52
2026-04-30T21:00,2,19,60,29,75,38,3.8,24,3,23,49
2026-04-30T22:00,2,25,80,38,100,50,4,32,3.2,22,46
2026-04-30T23:00,2,13,42,20,53,26,2.9,17,2.3,21,73
2026-05-01T00:00,2,17,55,26,68,34,3.1,22,2.4,14,70
2026-05-01T01:00,2,17,52,25,65,33,3.2,21,2.6,13,67
2026-05-01T02:00,2,21,66,31,82,41,3.4,26,2.7,18,64
2026-05-01T03:00,2,11,34,16,43,21,2.1,14,1.7,13,61
2026-05-01T04:00,2,14,45,22,57,28,2.3,18,1.8,18,58
2026-05-01T05:00,2,25,79,38,99,50,4.4,32,3.5,17,45
2026-05-01T06:00,2,32,102,49,128,64,5.8,41,4.5,20,62
2026-05-01T07:00,2,42,132,63,165,82,8.2,52,6.4,20,59
2026-05-01T08:00,2,39,123,59,154,77,8.5,49,6.7,19,56
2026-05-01T09:00,2,28,87,42,109,55,5.4,35,4.3,21,53
2026-05-01T10:00,2,36,114,55,143,71,5.8,45,4.6,20,50
2026-05-01T11:00,2,26,82,39,102,51,4.6,33,3.6,19,47
2026-05-01T12:00,2,33,105,50,131,66,5.9,42,4.7,28,64
2026-05-01T13:00,2,32,100,48,126,63,6.2,40,4.9,27,61
2026-05-01T14:00,2,30,94,45,118,59,6.5,37,5.1,25,58
2026-05-01T15:00,2,21,67,32,84,42,4.2,27,3.3,26,55
2026-05-01T16:00,2,37,118,56,147,74,6,47,4.8,25,52
2026-05-01T17:00,2,36,114,54,143,71,6.4,45,5,24,49
2026-05-01T18:00,2,34,108,51,135,67,6.7,43,5.3,20,46
2026-05-01T19:00,2,44,139,67,174,87,8.6,55,6.8,19,63
2026-05-01T20:00,2,31,97,46,121,61,6.7,39,5.3,24,60
2026-05-01T21:00,2,22,69,33,86,43,4.3,27,3.4,19,57
2026-05-01T22:00,2,29,90,43,112,56,4.6,36,3.6,24,54
2026-05-01T23:00,2,15,48,23,60,30,2.7,19,2.1,23,61
2026-05-02T00:00,2,10,33,16,41,20,2,13,1.6,16,58
2026-05-02T01:00,2,13,42,20,53,26,2.1,17,1.7,15,55
2026-05-02T02:00,2,13,40,19,49,25,2.7,16,2.1,14,72
2026-05-02T03:00,2,9,28,14,35,18,1.8,11,1.4,15,69
2026-05-02T04:00,2,9,27,13,34,17,1.9,11,1.5,14,66
2026-05-02T05:00,2,21,65,31,81,40,3.6,26,2.9,13,53
2026-05-02T06:00,2,20,61,29,77,38,3.8,24,3,22,50
2026-05-02T07:00,2,34,106,51,133,66,5.4,42,4.3,22,47
2026-05-02T08:00,2,32,100,48,125,63,6.9,40,5.4,21,64
2026-05-02T09:00,2,23,72,34,90,45,4.4,29,3.5,23,61
2026-05-02T10:00,2,22,69,33,86,43,4.8,27,3.8,22,58
2026-05-02T11:00,2,21,67,32,83,42,3.7,26,3,21,55
2026-05-02T12:00,2,20,63,30,79,40,3.9,25,3.1,24,52
2026-05-02T13:00,2,26,81,39,101,51,4.1,32,3.2,23,49
2026-05-02T14:00,2,13,41,20,51,26,2.6,16,2,23,46
2026-05-02T15:00,2,17,55,26,69,34,3.4,22,2.7,22,63
2026-05-02T16:00,2,23,71,34,89,45,4.9,28,3.9,27,60
2026-05-02T17:00,2,29,92,44,116,58,5.2,37,4.1,26,57
2026-05-02T18:00,2,28,88,42,110,55,5.5,35,4.3,22,54
2026-05-02T19:00,2,36,112,53,140,70,5.7,45,4.5,21,51
2026-05-02T20:00,2,14,43,20,53,27,2.7,17,2.1,22,48
2026-05-02T21:00,2,18,57,27,71,35,2.9,22,2.3,21,45
2026-05-02T22:00,2,17,55,26,68,34,3.7,22,3,20,62
2026-05-02T23:00,2,12,39,18,48,24,2.2,15,1.7,19,69
2026-05-03T00:00,2,12,37,18,46,23,2.3,15,1.8,18,66
2026-05-03T01:00,2,15,47,22,59,29,2.4,19,1.9,17,63
2026-05-03T02:00,2,8,24,12,30,15,1.5,10,1.2,18,60
2026-05-03T03:00,2,10,32,15,40,20,1.6,13,1.3,17,57
2026-05-03T04:00,2,10,31,15,39,19,2.1,12,1.7,16,74
2026-05-03T05:00,2,23,72,35,91,45,4.1,29,3.2,15,61
2026-05-03T06:00,2,22,69,33,87,43,4.3,28,3.4,18,58
2026-05-03T07:00,2,28,87,42,109,55,6.1,35,4.8,18,55
2026-05-03T08:00,2,20,62,29,77,39,3.8,25,3,19,52
2026-05-03T09:00,2,26,81,39,101,51,4.1,32,3.3,19,49
2026-05-03T10:00,2,25,78,37,98,49,4.4,31,3.5,24,46
2026-05-03T11:00,2,24,74,36,93,47,4.2,30,3.3,23,63
2026-05-03T12:00,2,23,71,34,89,45,4.4,28,3.5,26,60
2026-05-03T13:00,2,21,67,32,83,42,4.6,27,3.6,25,57
2026-05-03T14:00,2,15,47,23,59,30,2.9,19,2.3,25,54
2026-05-03T15:00,2,20,62,30,77,39,3.2,25,2.5,24,51
2026-05-03T16:00,2,26,81,39,101,51,4.5,32,3.6,23,48
2026-05-03T17:00,2,24,76,36,95,48,4.8,30,3.8,22,45
2026-05-03T18:00,2,32,99,47,124,62,6.1,39,4.8,24,62
2026-05-03T19:00,2,30,93,44,116,58,6.4,37,5.1,23,59
2026-05-03T20:00,2,16,49,23,61,31,3,19,2.4,24,56
2026-05-03T21:00,2,20,64,30,80,40,3.3,25,2.6,23,53
2026-05-03T22:00,2,20,62,29,77,39,3.5,25,2.7,22,50
2026-05-03T23:00,2,10,32,15,40,20,2,13,1.6,21,57
2026-05-04T00:00,2,18,58,28,72,36,3.6,23,2.8,14,74
2026-05-04T01:00,2,17,54,26,68,34,3.7,22,2.9,13,71
2026-05-04T02:00,2,12,39,18,48,24,2.4,15,1.9,14,68
2026-05-04T03:00,2,12,37,18,46,23,2.6,15,2,13,65
2026-05-04T04:00,2,15,49,23,61,30,2.7,19,2.2,18,62
2026-05-04T05:00,2,27,84,40,105,52,5.2,33,4.1,17,49
2026-05-04T06:00,2,34,108,51,135,67,5.5,43,4.3,20,46
2026-05-04T07:00,2,44,137,65,171,86,9.4,54,7.4,20,63
2026-05-04T08:00,2,31,98,47,123,61,6.1,39,4.8,21,60
2026-05-04T09:00,2,30,94,45,118,59,6.5,37,5.1,21,57
2026-05-04T10:00,2,39,123,59,154,77,6.9,49,5.5,20,54
2026-05-04T11:00,2,28,86,41,108,54,5.4,34,4.3,19,51
2026-05-04T12:00,2,35,111,53,138,69,5.6,44,4.4,28,48
2026-05-04T13:00,2,18,56,27,70,35,3.5,22,2.8,23,45
2026-05-04T14:00,2,24,75,36,94,47,4.6,30,3.7,27,62
2026-05-04T15:00,2,23,72,34,90,45,5,29,3.9,26,59
2026-05-04T16:00,2,40,127,60,158,79,7.1,50,5.6,25,56
2026-05-04T17:00,2,38,120,57,151,75,7.5,48,5.9,24,53
2026-05-04T18:00,2,49,154,73,192,96,7.8,61,6.2,20,50
2026-05-04T19:00,2,25,79,37,98,49,4.9,31,3.9,21,47
2026-05-04T20:00,2,25,77,37,97,48,4.8,31,3.8,20,64
2026-05-04T21:00,2,24,74,36,93,47,5.1,30,4,19,61
2026-05-04T22:00,2,31,96,46,121,60,5.4,38,4.3,24,58
2026-05-04T23:00,2,16,51,24,63,32,3.1,20,2.5,23,65
2026-05-05T00:00,2,20,64,31,80,40,3.3,26,2.6,16,62
2026-05-05T01:00,2,11,33,16,41,21,2.1,13,1.6,17,59
2026-05-05T02:00,2,14,44,21,55,27,2.2,17,1.8,16,56
2026-05-05T03:00,2,13,42,20,53,26,2.9,17,2.3,15,73
2026-05-05T04:00,2,17,55,26,68,34,3.1,22,2.4,14,70
2026-05-05T05:00,2,30,95,45,118,59,5.9,38,4.6,13,57
2026-05-05T06:00,2,38,120,57,150,75,6.2,48,4.9,22,54
2026-05-05T07:00,2,27,84,40,105,53,5.3,34,4.1,18,51
2026-05-05T08:00,2,35,111,53,139,69,5.6,44,4.5,23,48
2026-05-05T09:00,2,34,107,51,134,67,6,43,4.7,23,45
2026-05-05T10:00,2,44,138,66,172,86,7.8,55,6.1,22,62
2026-05-05T11:00,2,31,98,47,122,61,6.1,39,4.8,21,59
2026-05-05T12:00,2,29,91,44,114,57,6.3,36,5,24,56
2026-05-05T13:00,2,21,65,31,81,40,4,26,3.2,25,53
2026-05-05T14:00,2,27,85,40,106,53,4.3,34,3.4,23,50
2026-05-05T15:00,2,26,82,39,102,51,4.6,33,3.6,22,47
2026-05-05T16:00,2,45,142,68,177,88,8,56,6.3,27,64
2026-05-05T17:00,2,43,136,65,169,85,8.4,54,6.6,26,61
2026-05-05T18:00,2,40,127,61,159,79,8.8,51,6.9,22,58
2026-05-05T19:00,2,29,90,43,113,56,5.6,36,4.4,23,55
2026-05-05T20:00,2,28,87,42,109,55,4.5,35,3.5,22,52
2026-05-05T21:00,2,27,85,40,106,53,4.7,34,3.7,21,49
2026-05-05T22:00,2,25,80,38,100,50,5,32,3.9,20,46
2026-05-05T23:00,2,18,57,27,71,36,3.5,23,2.8,19,73
2026-05-06T00:00,2,17,53,25,67,33,3.7,21,2.9,18,70
2026-05-06T01:00,2,12,38,18,48,24,2.4,15,1.9,13,67
2026-05-06T02:00,2,16,49,24,62,31,2.5,20,2,18,64
2026-05-06T03:00,2,15,48,23,60,30,2.7,19,2.1,17,61
2026-05-06T04:00,2,14,45,22,57,28,2.8,18,2.2,16,58
2026-05-06T05:00,2,34,106,51,133,66,5.4,42,4.2,15,45
2026-05-06T06:00,2,32,100,48,125,62,6.9,40,5.4,18,62
2026-05-06T07:00,2,31,96,46,121,60,6,38,4.7,20,59
2026-05-06T08:00,2,29,92,44,116,58,6.4,37,5.1,19,56
2026-05-06T09:00,2,39,121,58,151,76,6.8,48,5.4,19,53
2026-05-06T10:00,2,37,115,55,144,72,7.2,46,5.7,24,50
2026-05-06T11:00,2,35,109,52,137,68,5.5,43,4.4,23,47
2026-05-06T12:00,2,33,103,49,129,64,7.1,41,5.6,26,64
2026-05-06T13:00,2,23,74,35,92,46,4.6,29,3.6,27,61
2026-05-06T14:00,2,23,71,34,89,44,4.9,28,3.9,25,58
2026-05-06T15:00,2,29,92,44,116,58,5.2,37,4.1,24,55
2026-05-06T16:00,2,38,119,57,148,74,7.4,47,5.8,23,52
2026-05-06T17:00,2,48,152,72,189,95,7.7,60,6.1,22,49
2026-05-06T18:00,2,25,77,37,96,48,4.8,31,3.8,20,46
2026-05-06T19:00,2,33,103,49,128,64,6.4,41,5,19,63
2026-05-06T20:00,2,23,73,35,92,46,5.1,29,4,24,60
2026-05-06T21:00,2,30,95,45,119,59,5.4,38,4.2,23,57
2026-05-06T22:00,2,29,91,43,113,57,5.6,36,4.4,22,54
2026-05-06T23:00,2,20,63,30,79,40,3.2,25,2.6,21,61
2026-05-07T00:00,2,10,33,16,41,20,2,13,1.6,16,58
2026-05-07T01:00,2,14,43,21,54,27,2.2,17,1.7,15,55
2026-05-07T02:00,2,13,42,20,52,26,2.9,17,2.3,14,72
2026-05-07T03:00,2,17,54,26,67,34,3,21,2.4,13,69
2026-05-07T04:00,2,16,51,25,64,32,3.2,20,2.5,18,66
2026-05-07T05:00,2,38,118,56,148,74,6.1,47,4.8,17,53
2026-05-07T06:00,2,20,61,29,77,38,3.8,24,3,22,50
2026-05-07T07:00,2,35,109,52,137,68,5.6,43,4.4,22,47
2026-05-07T08:00,2,34,106,50,132,66,7.2,42,5.7,21,64
2026-04-30T09:00,3,10,33,19,67,26,2.6,15,2.3,19,45
2026-04-30T10:00,3,14,44,25,90,34,3.4,21,3,24,62
2026-04-30T11:00,3,10,31,18,64,25,2.7,15,2.4,23,59
2026-04-30T12:00,3,13,40,23,83,32,2.8,19,2.5,26,56
2026-04-30T13:00,3,12,39,22,79,30,3,18,2.7,25,53
2026-04-30T14:00,3,16,49,28,101,39,3.1,23,2.8,23,50
2026-04-30T15:00,3,8,25,15,52,20,2,12,1.7,24,47
2026-04-30T16:00,3,14,45,26,93,36,3.5,21,3.1,23,64
2026-04-30T17:00,3,14,43,25,89,34,3.7,21,3.3,22,61
2026-04-30T18:00,3,18,56,33,115,44,4,27,3.5,24,58
2026-04-30T19:00,3,17,54,31,110,42,4.2,25,3.7,23,55
2026-04-30T20:00,3,16,50,29,104,40,3.2,24,2.9,22,52
2026-04-30T21:00,3,8,26,15,53,21,2,12,1.8,23,49
2026-04-30T22:00,3,11,34,20,71,27,2.2,16,1.9,22,46
2026-04-30T23:00,3,6,18,11,38,14,1.6,9,1.4,21,73
2026-05-01T00:00,3,7,24,14,48,19,1.7,11,1.5,14,70
2026-05-01T01:00,3,7,23,13,46,18,1.7,11,1.6,13,67
2026-05-01T02:00,3,9,28,16,58,22,1.8,13,1.6,18,64
2026-05-01T03:00,3,5,15,9,30,12,1.2,7,1,13,61
2026-05-01T04:00,3,6,20,11,40,15,1.2,9,1.1,18,58
2026-05-01T05:00,3,11,34,20,70,27,2.4,16,2.1,17,45
2026-05-01T06:00,3,14,44,26,90,35,3.1,21,2.8,20,62
2026-05-01T07:00,3,18,57,33,117,45,4.4,27,3.9,20,59
2026-05-01T08:00,3,17,53,31,109,42,4.6,25,4.1,19,56
2026-05-01T09:00,3,12,38,22,77,30,2.9,18,2.6,21,53
2026-05-01T10:00,3,16,49,29,101,39,3.1,23,2.8,20,50
2026-05-01T11:00,3,11,35,20,73,28,2.5,17,2.2,19,47
2026-05-01T12:00,3,14,45,26,93,36,3.2,21,2.8,28,64
2026-05-01T13:00,3,14,43,25,89,34,3.4,21,3,27,61
2026-05-01T14:00,3,13,41,24,83,32,3.5,19,3.1,25,58
2026-05-01T15:00,3,9,29,17,59,23,2.2,14,2,26,55
2026-05-01T16:00,3,16,51,29,104,40,3.2,24,2.9,25,52
2026-05-01T17:00,3,16,49,29,101,39,3.4,23,3.1,24,49
2026-05-01T18:00,3,15,47,27,96,37,3.6,22,3.2,20,46
2026-05-01T19:00,3,19,60,35,124,48,4.7,29,4.2,19,63
2026-05-01T20:00,3,13,42,24,86,33,3.6,20,3.2,24,60
2026-05-01T21:00,3,9,30,17,61,24,2.3,14,2.1,19,57
2026-05-01T22:00,3,12,39,22,80,31,2.5,18,2.2,24,54
2026-05-01T23:00,3,7,21,12,42,16,1.4,10,1.3,23,61
2026-05-02T00:00,3,4,14,8,29,11,1.1,7,1,16,58
2026-05-02T01:00,3,6,18,11,37,14,1.1,9,1,15,55
2026-05-02T02:00,3,5,17,10,35,13,1.5,8,1.3,14,72
2026-05-02T03:00,3,4,12,7,25,10,0.9,6,0.8,15,69
2026-05-02T04:00,3,4,12,7,24,9,1,6,0.9,14,66
2026-05-02T05:00,3,9,28,16,57,22,2,13,1.7,13,53
2026-05-02T06:00,3,8,26,15,54,21,2.1,13,1.8,22,50
2026-05-02T07:00,3,14,46,27,94,36,2.9,22,2.6,22,47
2026-05-02T08:00,3,14,43,25,89,34,3.7,20,3.3,21,64
2026-05-02T09:00,3,10,31,18,64,24,2.4,15,2.1,23,61
2026-05-02T10:00,3,9,30,17,61,23,2.6,14,2.3,22,58
2026-05-02T11:00,3,9,29,17,59,23,2,14,1.8,21,55
2026-05-02T12:00,3,9,27,16,56,22,2.1,13,1.9,24,52
2026-05-02T13:00,3,11,35,20,72,28,2.2,17,2,23,49
2026-05-02T14:00,3,6,18,10,36,14,1.4,8,1.2,23,46
2026-05-02T15:00,3,7,24,14,49,19,1.8,11,1.6,22,63
2026-05-02T16:00,3,10,31,18,63,24,2.6,15,2.4,27,60
2026-05-02T17:00,3,13,40,23,82,32,2.8,19,2.5,26,57
2026-05-02T18:00,3,12,38,22,78,30,3,18,2.6,22,54
2026-05-02T19:00,3,15,48,28,99,38,3.1,23,2.8,21,51
2026-05-02T20:00,3,6,18,11,38,15,1.4,9,1.3,22,48
2026-05-02T21:00,3,8,24,14,50,19,1.5,12,1.4,21,45
2026-05-02T22:00,3,7,24,14,48,19,2,11,1.8,20,62
2026-05-02T23:00,3,5,17,10,34,13,1.2,8,1.1,19,69
2026-05-03T00:00,3,5,16,9,33,13,1.2,8,1.1,18,66
2026-05-03T01:00,3,6,20,12,42,16,1.3,10,1.2,17,63
2026-05-03T02:00,3,3,10,6,22,8,0.8,5,0.7,18,60
2026-05-03T03:00,3,4,14,8,28,11,0.9,7,0.8,17,57
2026-05-03T04:00,3,4,13,8,27,11,1.1,6,1,16,74
2026-05-03T05:00,3,10,31,18,64,25,2.2,15,2,15,61
2026-05-03T06:00,3,9,30,17,61,24,2.3,14,2.1,18,58
2026-05-03T07:00,3,12,38,22,77,30,3.3,18,2.9,18,55
2026-05-03T08:00,3,8,27,15,55,21,2.1,13,1.9,19,52
2026-05-03T09:00,3,11,35,20,72,28,2.2,17,2,19,49
2026-05-03T10:00,3,11,34,20,70,27,2.4,16,2.1,24,46
2026-05-03T11:00,3,10,32,19,66,25,2.3,15,2,23,63
2026-05-03T12:00,3,10,31,18,63,24,2.4,15,2.1,26,60
2026-05-03T13:00,3,9,29,17,59,23,2.5,14,2.2,25,57
2026-05-03T14:00,3,6,20,12,42,16,1.6,10,1.4,25,54
2026-05-03T15:00,3,8,27,15,55,21,1.7,13,1.5,24,51
2026-05-03T16:00,3,11,35,20,72,28,2.4,17,2.2,23,48
2026-05-03T17:00,3,10,33,19,68,26,2.6,16,2.3,22,45
2026-05-03T18:00,3,14,43,25,88,34,3.3,20,3,24,62
2026-05-03T19:00,3,13,40,23,82,32,3.5,19,3.1,23,59
2026-05-03T20:00,3,7,21,12,43,17,1.6,10,1.5,24,56
2026-05-03T21:00,3,9,28,16,56,22,1.8,13,1.6,23,53
2026-05-03T22:00,3,8,27,15,55,21,1.9,13,1.7,22,50
2026-05-03T23:00,3,4,14,8,28,11,1.1,7,1,21,57
2026-05-04T00:00,3,8,25,14,51,20,1.9,12,1.7,14,74
2026-05-04T01:00,3,7,23,14,48,18,2,11,1.8,13,71
2026-05-04T02:00,3,5,17,10,34,13,1.3,8,1.2,14,68
2026-05-04T03:00,3,5,16,9,33,13,1.4,8,1.2,13,65
2026-05-04T04:00,3,7,21,12,43,17,1.5,10,1.3,18,62
2026-05-04T05:00,3,11,36,21,74,29,2.8,17,2.5,17,49
2026-05-04T06:00,3,15,47,27,95,37,2.9,22,2.6,20,46
2026-05-04T07:00,3,19,59,34,121,47,5.1,28,4.5,20,63
2026-05-04T08:00,3,13,42,25,87,33,3.3,20,2.9,21,60
2026-05-04T09:00,3,13,41,24,83,32,3.5,19,3.1,21,57
2026-05-04T10:00,3,17,53,31,109,42,3.7,25,3.3,20,54
2026-05-04T11:00,3,12,37,22,77,29,2.9,18,2.6,19,51
2026-05-04T12:00,3,15,48,28,98,38,3,23,2.7,28,48
2026-05-04T13:00,3,8,24,14,50,19,1.9,11,1.7,23,45
2026-05-04T14:00,3,10,32,19,66,26,2.5,15,2.2,27,62
2026-05-04T15:00,3,10,31,18,64,25,2.7,15,2.4,26,59
2026-05-04T16:00,3,17,55,32,112,43,3.8,26,3.4,25,56
2026-05-04T17:00,3,16,52,30,107,41,4,25,3.6,24,53
2026-05-04T18:00,3,21,66,38,136,52,4.2,31,3.8,20,50
2026-05-04T19:00,3,11,34,20,70,27,2.6,16,2.4,21,47
2026-05-04T20:00,3,11,33,19,69,26,2.6,16,2.3,20,64
2026-05-04T21:00,3,10,32,19,66,25,2.8,15,2.5,19,61
2026-05-04T22:00,3,13,42,24,86,33,2.9,20,2.6,24,58
2026-05-04T23:00,3,7,22,13,45,17,1.7,10,1.5,23,65
2026-05-05T00:00,3,9,28,16,57,22,1.8,13,1.6,16,62
2026-05-05T01:00,3,5,14,8,29,11,1.1,7,1,17,59
2026-05-05T02:00,3,6,19,11,39,15,1.2,9,1.1,16,56
2026-05-05T03:00,3,6,18,11,38,14,1.6,9,1.4,15,73
2026-05-05T04:00,3,7,24,14,48,19,1.7,11,1.5,14,70
2026-05-05T05:00,3,13,41,24,84,32,3.2,19,2.8,13,57
2026-05-05T06:00,3,16,52,30,106,41,3.3,25,3,22,54
2026-05-05T07:00,3,11,36,21,75,29,2.8,17,2.5,18,51
2026-05-05T08:00,3,15,48,28,98,38,3,23,2.7,23,48
2026-05-05T09:00,3,15,46,27,95,37,3.2,22,2.9,23,45
2026-05-05T10:00,3,19,59,34,122,47,4.2,28,3.7,22,62
2026-05-05T11:00,3,13,42,24,86,33,3.3,20,2.9,21,59
2026-05-05T12:00,3,12,39,23,81,31,3.4,19,3,24,56
2026-05-05T13:00,3,9,28,16,57,22,2.2,13,1.9,25,53
2026-05-05T14:00,3,12,37,21,75,29,2.3,17,2.1,23,50
2026-05-05T15:00,3,11,35,20,73,28,2.5,17,2.2,22,47
2026-05-05T16:00,3,19,61,35,125,48,4.3,29,3.8,27,64
2026-05-05T17:00,3,18,59,34,120,46,4.5,28,4,26,61
2026-05-05T18:00,3,17,55,32,113,43,4.7,26,4.2,22,58
2026-05-05T19:00,3,12,39,23,80,31,3,18,2.7,23,55
2026-05-05T20:00,3,12,38,22,77,30,2.4,18,2.1,22,52
2026-05-05T21:00,3,12,36,21,75,29,2.6,17,2.3,21,49
2026-05-05T22:00,3,11,34,20,71,27,2.7,16,2.4,20,46
2026-05-05T23:00,3,8,25,14,50,19,1.9,12,1.7,19,73
2026-05-06T00:00,3,7,23,13,47,18,2,11,1.8,18,70
2026-05-06T01:00,3,5,16,10,34,13,1.3,8,1.1,13,67
2026-05-06T02:00,3,7,21,12,44,17,1.4,10,1.2,18,64
2026-05-06T03:00,3,7,21,12,42,16,1.4,10,1.3,17,61
2026-05-06T04:00,3,6,20,11,40,15,1.5,9,1.4,16,58
2026-05-06T05:00,3,14,46,27,94,36,2.9,22,2.6,15,45
2026-05-06T06:00,3,14,43,25,89,34,3.7,20,3.3,18,62
2026-05-06T07:00,3,13,42,24,85,33,3.2,20,2.9,20,59
2026-05-06T08:00,3,13,40,23,82,32,3.5,19,3.1,19,56
2026-05-06T09:00,3,17,52,30,107,41,3.7,25,3.3,19,53
2026-05-06T10:00,3,16,50,29,102,39,3.9,24,3.4,24,50
2026-05-06T11:00,3,15,47,27,97,37,3,22,2.7,23,47
2026-05-06T12:00,3,14,44,26,91,35,3.8,21,3.4,26,64
2026-05-06T13:00,3,10,32,18,65,25,2.5,15,2.2,27,61
2026-05-06T14:00,3,10,31,18,63,24,2.6,14,2.4,25,58
2026-05-06T15:00,3,13,40,23,82,32,2.8,19,2.5,24,55
2026-05-06T16:00,3,16,51,30,105,40,4,24,3.6,23,52
2026-05-06T17:00,3,21,65,38,134,52,4.2,31,3.7,22,49
2026-05-06T18:00,3,11,33,19,68,26,2.6,16,2.3,20,46
2026-05-06T19:00,3,14,44,26,91,35,3.4,21,3.1,19,63
2026-05-06T20:00,3,10,32,18,65,25,2.7,15,2.4,24,60
2026-05-06T21:00,3,13,41,24,84,32,2.9,19,2.6,23,57
2026-05-06T22:00,3,12,39,23,80,31,3,19,2.7,22,54
2026-05-06T23:00,3,9,27,16,56,22,1.7,13,1.6,21,61
2026-05-07T00:00,3,4,14,8,29,11,1.1,7,1,16,58
2026-05-07T01:00,3,6,19,11,38,15,1.2,9,1.1,15,55
2026-05-07T02:00,3,6,18,10,37,14,1.5,9,1.4,14,72
2026-05-07T03:00,3,7,23,13,48,18,1.6,11,1.5,13,69
2026-05-07T04:00,3,7,22,13,46,18,1.7,11,1.5,18,66
2026-05-07T05:00,3,16,51,30,105,40,3.3,24,2.9,17,53
2026-05-07T06:00,3,8,27,15,54,21,2.1,13,1.8,22,50
2026-05-07T07:00,3,15,47,27,97,37,3,22,2.7,22,47
2026-05-07T08:00,3,14,46,26,94,36,3.9,22,3.5,21,64
2026-04-30T09:00,4,59,125,67,116,127,10.9,67,6.6,19,45
2026-04-30T10:00,4,78,167,90,155,170,14.5,90,8.7,24,62
2026-04-30T11:00,4,56,119,64,111,121,11.5,64,6.9,23,59
2026-04-30T12:00,4,72,154,83,144,158,12.2,83,7.3,26,56
2026-04-30T13:00,4,69,147,79,137,150,12.8,79,7.7,25,53
2026-04-30T14:00,4,88,187,101,174,191,13.4,101,8,23,50
2026-04-30T15:00,4,45,96,52,89,98,8.4,52,5,24,47
2026-04-30T16:00,4,81,172,93,160,176,14.9,93,9,23,64
2026-04-30T17:00,4,78,166,89,154,169,16,89,9.6,22,61
2026-04-30T18:00,4,101,215,115,200,219,16.9,115,10.2,24,58
2026-04-30T19:00,4,96,205,110,190,209,17.8,110,10.7,23,55
2026-04-30T20:00,4,90,192,104,179,196,13.8,104,8.3,22,52
2026-04-30T21:00,4,47,99,53,93,101,8.7,53,5.2,23,49
2026-04-30T22:00,4,62,131,71,122,134,9.3,71,5.6,22,46
2026-04-30T23:00,4,33,70,38,65,71,6.7,38,4,21,73
2026-05-01T00:00,4,42,90,48,84,92,7.1,48,4.3,14,70
2026-05-01T01:00,4,40,86,46,80,88,7.5,46,4.5,13,67
2026-05-01T02:00,4,51,109,58,101,111,7.8,58,4.7,18,64
2026-05-01T03:00,4,27,57,30,53,58,4.9,30,3,13,61
2026-05-01T04:00,4,35,75,40,69,76,5.3,40,3.2,18,58
2026-05-01T05:00,4,61,131,70,122,134,10.3,70,6.2,17,45
2026-05-01T06:00,4,79,168,90,156,172,13.3,90,8,20,62
2026-05-01T07:00,4,102,217,117,202,222,18.9,117,11.3,20,59
2026-05-01T08:00,4,95,203,109,189,207,19.7,109,11.8,19,56
2026-05-01T09:00,4,67,144,77,134,147,12.5,77,7.5,21,53
2026-05-01T10:00,4,88,188,101,175,192,13.5,101,8.1,20,50
2026-05-01T11:00,4,63,135,73,126,138,10.6,73,6.4,19,47
2026-05-01T12:00,4,81,173,93,161,176,13.7,93,8.2,28,64
2026-05-01T13:00,4,78,165,89,154,169,14.4,89,8.6,27,61
2026-05-01T14:00,4,73,155,83,144,158,15,83,9,25,58
2026-05-01T15:00,4,52,110,59,103,112,9.6,59,5.8,26,55
2026-05-01T16:00,4,91,194,104,181,198,13.9,104,8.3,25,52
2026-05-01T17:00,4,88,188,101,175,192,14.8,101,8.9,24,49
2026-05-01T18:00,4,83,178,96,165,181,15.6,96,9.3,20,46
2026-05-01T19:00,4,108,230,124,214,235,19.9,124,12,19,63
2026-05-01T20:00,4,75,160,86,149,163,15.4,86,9.3,24,60
2026-05-01T21:00,4,53,114,61,106,116,9.9,61,5.9,19,57
2026-05-01T22:00,4,69,148,80,138,151,10.6,80,6.4,24,54
2026-05-01T23:00,4,37,79,42,73,81,6.2,42,3.7,23,61
2026-05-02T00:00,4,25,54,29,50,55,4.7,29,2.8,16,58
2026-05-02T01:00,4,33,69,37,65,71,4.9,37,3,15,55
2026-05-02T02:00,4,31,65,35,61,67,6.3,35,3.8,14,72
2026-05-02T03:00,4,22,47,25,43,48,4.1,25,2.4,15,69
2026-05-02T04:00,4,21,45,24,42,46,4.3,24,2.6,14,66
2026-05-02T05:00,4,50,106,57,99,109,8.4,57,5,13,53
2026-05-02T06:00,4,47,101,54,94,103,8.8,54,5.3,22,50
2026-05-02T07:00,4,82,175,94,163,179,12.4,94,7.5,22,47
2026-05-02T08:00,4,77,165,89,154,168,15.8,89,9.5,21,64
2026-05-02T09:00,4,55,118,64,110,121,10.3,64,6.2,23,61
2026-05-02T10:00,4,53,113,61,106,116,11,61,6.6,22,58
2026-05-02T11:00,4,51,110,59,102,112,8.6,59,5.2,21,55
2026-05-02T12:00,4,49,104,56,97,106,9.1,56,5.5,24,52
2026-05-02T13:00,4,62,133,72,124,136,9.5,72,5.7,23,49
2026-05-02T14:00,4,32,68,36,63,69,5.9,36,3.6,23,46
2026-05-02T15:00,4,42,90,49,84,92,7.8,49,4.7,22,63
2026-05-02T16:00,4,55,117,63,109,120,11.3,63,6.8,27,60
2026-05-02T17:00,4,71,152,82,142,155,12,82,7.2,26,57
2026-05-02T18:00,4,68,145,78,135,148,12.6,78,7.6,22,54
2026-05-02T19:00,4,87,185,99,172,188,13.2,99,7.9,21,51
2026-05-02T20:00,4,33,70,38,65,72,6.1,38,3.7,22,48
2026-05-02T21:00,4,44,93,50,87,95,6.6,50,4,21,45
2026-05-02T22:00,4,42,90,48,84,92,8.6,48,5.2,20,62
2026-05-02T23:00,4,30,64,34,59,65,5,34,3,19,69
2026-05-03T00:00,4,29,61,33,57,62,5.3,33,3.2,18,66
2026-05-03T01:00,4,36,77,42,72,79,5.5,42,3.3,17,63
2026-05-03T02:00,4,19,40,22,37,41,3.5,22,2.1,18,60
2026-05-03T03:00,4,25,53,28,49,54,3.8,28,2.3,17,57
2026-05-03T04:00,4,24,51,27,47,52,4.9,27,2.9,16,74
2026-05-03T05:00,4,56,119,64,111,122,9.4,64,5.7,15,61
2026-05-03T06:00,4,53,114,61,106,116,9.9,61,6,18,58
2026-05-03T07:00,4,67,144,77,134,147,14,77,8.4,18,55
2026-05-03T08:00,4,48,102,55,95,104,8.9,55,5.3,19,52
2026-05-03T09:00,4,63,134,72,124,136,9.5,72,5.7,19,49
2026-05-03T10:00,4,61,129,70,120,132,10.1,70,6.1,24,46
2026-05-03T11:00,4,58,123,66,114,125,9.7,66,5.8,23,63
2026-05-03T12:00,4,55,117,63,109,120,10.2,63,6.1,26,60
2026-05-03T13:00,4,52,110,59,102,112,10.7,59,6.4,25,57
2026-05-03T14:00,4,37,78,42,73,80,6.8,42,4.1,25,54
2026-05-03T15:00,4,48,102,55,95,104,7.3,55,4.4,24,51
2026-05-03T16:00,4,63,133,72,124,136,10.5,72,6.3,23,48
2026-05-03T17:00,4,59,126,68,117,128,11,68,6.6,22,45
2026-05-03T18:00,4,77,163,88,152,167,14.2,88,8.5,24,62
2026-05-03T19:00,4,72,153,82,142,156,14.8,82,8.9,23,59
2026-05-03T20:00,4,38,81,43,75,82,7,43,4.2,24,56
2026-05-03T21:00,4,49,105,56,98,107,7.5,56,4.5,23,53
2026-05-03T22:00,4,48,102,55,95,104,8,55,4.8,22,50
2026-05-03T23:00,4,25,53,28,49,54,4.6,28,2.8,21,57
2026-05-04T00:00,4,45,95,51,88,97,8.2,51,4.9,14,74
2026-05-04T01:00,4,42,89,48,83,91,8.6,48,5.2,13,71
2026-05-04T02:00,4,30,64,34,59,65,5.5,34,3.3,14,68
2026-05-04T03:00,4,29,61,33,57,62,5.9,33,3.6,13,65
2026-05-04T04:00,4,38,80,43,75,82,6.3,43,3.8,18,62
2026-05-04T05:00,4,65,138,74,129,141,12.1,74,7.2,17,49
2026-05-04T06:00,4,83,178,95,165,181,12.6,95,7.6,20,46
2026-05-04T07:00,4,106,226,121,210,230,21.7,121,13,20,63
2026-05-04T08:00,4,76,161,87,150,165,14,87,8.4,21,60
2026-05-04T09:00,4,73,155,83,144,158,15,83,9,21,57
2026-05-04T10:00,4,95,203,109,189,207,16,109,9.6,20,54
2026-05-04T11:00,4,67,143,77,133,145,12.4,77,7.5,19,51
2026-05-04T12:00,4,86,182,98,170,186,13,98,7.8,28,48
2026-05-04T13:00,4,43,92,50,86,94,8.1,50,4.9,23,45
2026-05-04T14:00,4,58,123,66,115,126,10.7,66,6.4,27,62
2026-05-04T15:00,4,56,119,64,111,121,11.5,64,6.9,26,59
2026-05-04T16:00,4,98,209,112,194,213,16.4,112,9.9,25,56
2026-05-04T17:00,4,93,198,107,185,203,17.3,107,10.4,24,53
2026-05-04T18:00,4,119,253,136,236,258,18.1,136,10.8,20,50
2026-05-04T19:00,4,61,129,70,121,132,11.3,70,6.8,21,47
2026-05-04T20:00,4,60,127,69,119,130,11.1,69,6.6,20,64
2026-05-04T21:00,4,58,123,66,114,125,11.8,66,7.1,19,61
2026-05-04T22:00,4,75,159,86,148,162,12.5,86,7.5,24,58
2026-05-04T23:00,4,39,83,45,78,85,7.3,45,4.4,23,65
2026-05-05T00:00,4,50,106,57,99,108,7.6,57,4.6,16,62
2026-05-05T01:00,4,26,55,29,51,56,4.8,29,2.9,17,59
2026-05-05T02:00,4,34,72,39,67,74,5.1,39,3.1,16,56
2026-05-05T03:00,4,33,70,38,65,71,6.7,38,4,15,73
2026-05-05T04:00,4,42,90,48,84,92,7.1,48,4.3,14,70
2026-05-05T05:00,4,73,156,84,145,159,13.6,84,8.2,13,57
2026-05-05T06:00,4,93,198,106,184,202,14.2,106,8.5,22,54
2026-05-05T07:00,4,65,139,75,129,142,12.1,75,7.3,18,51
2026-05-05T08:00,4,86,183,98,170,187,13,98,7.8,23,48
2026-05-05T09:00,4,83,177,95,164,180,13.9,95,8.3,23,45
2026-05-05T10:00,4,106,227,122,211,232,17.9,122,10.8,22,62
2026-05-05T11:00,4,75,161,86,150,164,14,86,8.4,21,59
2026-05-05T12:00,4,70,150,81,140,153,14.6,81,8.8,24,56
2026-05-05T13:00,4,50,107,57,99,109,9.3,57,5.6,25,53
2026-05-05T14:00,4,65,140,75,130,142,10,75,6,23,50
2026-05-05T15:00,4,63,135,73,126,138,10.6,73,6.4,22,47
2026-05-05T16:00,4,109,233,125,217,238,18.5,125,11.1,27,64
2026-05-05T17:00,4,105,223,120,208,228,19.4,120,11.6,26,61
2026-05-05T18:00,4,98,209,113,195,214,20.3,113,12.2,22,58
2026-05-05T19:00,4,70,149,80,139,152,13,80,7.8,23,55
2026-05-05T20:00,4,67,144,77,134,147,10.3,77,6.2,22,52
2026-05-05T21:00,4,65,139,75,130,142,10.9,75,6.6,21,49
2026-05-05T22:00,4,62,132,71,122,134,11.5,71,6.9,20,46
2026-05-05T23:00,4,44,94,50,87,96,8.1,50,4.9,19,73
2026-05-06T00:00,4,41,88,47,82,90,8.5,47,5.1,18,70
2026-05-06T01:00,4,29,63,34,58,64,5.5,34,3.3,13,67
2026-05-06T02:00,4,38,81,44,76,83,5.8,44,3.5,18,64
2026-05-06T03:00,4,37,79,42,73,81,6.2,42,3.7,17,61
2026-05-06T04:00,4,35,75,40,70,76,6.5,40,3.9,16,58
2026-05-06T05:00,4,82,175,94,163,179,12.4,94,7.5,15,45
2026-05-06T06:00,4,77,165,89,153,168,15.9,89,9.5,18,62
2026-05-06T07:00,4,75,159,85,148,162,13.8,85,8.3,20,59
2026-05-06T08:00,4,71,152,82,142,156,14.8,82,8.9,19,56
2026-05-06T09:00,4,94,200,107,186,204,15.7,107,9.4,19,53
2026-05-06T10:00,4,89,189,102,176,193,16.5,102,9.9,24,50
2026-05-06T11:00,4,84,180,97,168,184,12.8,97,7.7,23,47
2026-05-06T12:00,4,80,170,91,158,173,16.3,91,9.8,26,64
2026-05-06T13:00,4,57,122,65,113,124,10.6,65,6.3,27,61
2026-05-06T14:00,4,55,117,63,109,119,11.3,63,6.8,25,58
2026-05-06T15:00,4,71,152,82,142,155,12,82,7.2,24,55
2026-05-06T16:00,4,92,195,105,182,199,17,105,10.2,23,52
2026-05-06T17:00,4,117,250,134,232,255,17.8,134,10.7,22,49
2026-05-06T18:00,4,60,127,68,118,130,11.1,68,6.7,20,46
2026-05-06T19:00,4,79,169,91,158,173,14.7,91,8.8,19,63
2026-05-06T20:00,4,57,121,65,112,123,11.7,65,7,24,60
2026-05-06T21:00,4,73,157,84,146,160,12.4,84,7.4,23,57
2026-05-06T22:00,4,70,149,80,139,152,13,80,7.8,22,54
2026-05-06T23:00,4,49,104,56,97,107,7.5,56,4.5,21,61
2026-05-07T00:00,4,25,54,29,50,55,4.7,29,2.8,16,58
2026-05-07T01:00,4,33,71,38,66,73,5,38,3,15,55
2026-05-07T02:00,4,32,69,37,64,70,6.6,37,4,14,72
2026-05-07T03:00,4,42,89,48,83,91,7,48,4.2,13,69
2026-05-07T04:00,4,40,85,46,79,86,7.4,46,4.4,18,66
2026-05-07T05:00,4,91,195,105,182,199,14,105,8.4,17,53
2026-05-07T06:00,4,47,101,54,94,103,8.8,54,5.3,22,50
2026-05-07T07:00,4,84,180,97,168,184,12.8,97,7.7,22,47
2026-05-07T08:00,4,82,174,94,162,177,16.7,94,10,21,64
2026-04-30T09:00,5,8,24,15,59,19,1.6,10,1.5,19,45
2026-04-30T10:00,5,10,32,21,78,25,2.2,14,1.9,24,62
2026-04-30T11:00,5,7,23,15,56,18,1.7,10,1.5,23,59
2026-04-30T12:00,5,10,30,19,72,23,1.8,13,1.6,26,56
2026-04-30T13:00,5,9,28,18,69,22,1.9,12,1.7,25,53
2026-04-30T14:00,5,12,36,23,88,28,2,16,1.8,23,50
2026-04-30T15:00,5,6,19,12,45,15,1.3,8,1.1,24,47
2026-04-30T16:00,5,11,33,21,81,26,2.2,14,2,23,64
2026-04-30T17:00,5,10,32,21,78,25,2.4,14,2.1,22,61
2026-04-30T18:00,5,13,41,27,101,33,2.5,18,2.3,24,58
2026-04-30T19:00,5,13,40,25,96,31,2.7,17,2.4,23,55
2026-04-30T20:00,5,12,37,24,90,29,2.1,16,1.8,22,52
2026-04-30T21:00,5,6,19,12,47,15,1.3,8,1.2,23,49
2026-04-30T22:00,5,8,25,16,62,20,1.4,11,1.2,22,46
2026-04-30T23:00,5,4,13,9,33,11,1,6,0.9,21,73
2026-05-01T00:00,5,6,17,11,42,14,1.1,7,0.9,14,70
2026-05-01T01:00,5,5,17,11,40,13,1.1,7,1,13,67
2026-05-01T02:00,5,7,21,13,51,16,1.2,9,1,18,64
2026-05-01T03:00,5,4,11,7,27,9,0.7,5,0.7,13,61
2026-05-01T04:00,5,5,14,9,35,11,0.8,6,0.7,18,58
2026-05-01T05:00,5,8,25,16,61,20,1.5,11,1.4,17,45
2026-05-01T06:00,5,10,32,21,79,26,2,14,1.8,20,62
2026-05-01T07:00,5,13,42,27,102,33,2.8,18,2.5,20,59
2026-05-01T08:00,5,13,39,25,95,31,3,17,2.6,19,56
2026-05-01T09:00,5,9,28,18,67,22,1.9,12,1.7,21,53
2026-05-01T10:00,5,12,36,23,88,29,2,16,1.8,20,50
2026-05-01T11:00,5,8,26,17,63,20,1.6,11,1.4,19,47
2026-05-01T12:00,5,11,33,21,81,26,2.1,14,1.8,28,64
2026-05-01T13:00,5,10,32,21,78,25,2.2,14,1.9,27,61
2026-05-01T14:00,5,10,30,19,73,24,2.3,13,2,25,58
2026-05-01T15:00,5,7,21,14,52,17,1.4,9,1.3,26,55
2026-05-01T16:00,5,12,37,24,91,29,2.1,16,1.9,25,52
2026-05-01T17:00,5,12,36,23,88,29,2.2,16,2,24,49
2026-05-01T18:00,5,11,34,22,83,27,2.3,15,2.1,20,46
2026-05-01T19:00,5,14,44,29,108,35,3,19,2.7,19,63
2026-05-01T20:00,5,10,31,20,75,24,2.3,13,2.1,24,60
2026-05-01T21:00,5,7,22,14,53,17,1.5,9,1.3,19,57
2026-05-01T22:00,5,9,29,18,69,22,1.6,12,1.4,24,54
2026-05-01T23:00,5,5,15,10,37,12,0.9,7,0.8,23,61
2026-05-02T00:00,5,3,10,7,25,8,0.7,4,0.6,16,58
2026-05-02T01:00,5,4,13,9,33,11,0.7,6,0.7,15,55
2026-05-02T02:00,5,4,13,8,31,10,0.9,5,0.8,14,72
2026-05-02T03:00,5,3,9,6,22,7,0.6,4,0.5,15,69
2026-05-02T04:00,5,3,9,6,21,7,0.7,4,0.6,14,66
2026-05-02T05:00,5,7,21,13,50,16,1.3,9,1.1,13,53
2026-05-02T06:00,5,6,20,13,47,15,1.3,8,1.2,22,50
2026-05-02T07:00,5,11,34,22,82,27,1.9,14,1.7,22,47
2026-05-02T08:00,5,10,32,20,77,25,2.4,14,2.1,21,64
2026-05-02T09:00,5,7,23,15,55,18,1.5,10,1.4,23,61
2026-05-02T10:00,5,7,22,14,53,17,1.6,9,1.5,22,58
2026-05-02T11:00,5,7,21,14,51,17,1.3,9,1.2,21,55
2026-05-02T12:00,5,6,20,13,49,16,1.4,9,1.2,24,52
2026-05-02T13:00,5,8,26,17,62,20,1.4,11,1.3,23,49
2026-05-02T14:00,5,4,13,8,32,10,0.9,6,0.8,23,46
2026-05-02T15:00,5,6,17,11,42,14,1.2,7,1,22,63
2026-05-02T16:00,5,7,23,15,55,18,1.7,10,1.5,27,60
2026-05-02T17:00,5,9,29,19,71,23,1.8,13,1.6,26,57
2026-05-02T18:00,5,9,28,18,68,22,1.9,12,1.7,22,54
2026-05-02T19:00,5,11,36,23,87,28,2,15,1.8,21,51
2026-05-02T20:00,5,4,14,9,33,11,0.9,6,0.8,22,48
2026-05-02T21:00,5,6,18,12,44,14,1,8,0.9,21,45
2026-05-02T22:00,5,6,17,11,42,14,1.3,7,1.2,20,62
2026-05-02T23:00,5,4,12,8,30,10,0.8,5,0.7,19,69
2026-05-03T00:00,5,4,12,8,29,9,0.8,5,0.7,18,66
2026-05-03T01:00,5,5,15,10,36,12,0.8,6,0.7,17,63
2026-05-03T02:00,5,2,8,5,19,6,0.5,3,0.5,18,60
2026-05-03T03:00,5,3,10,7,25,8,0.6,4,0.5,17,57
2026-05-03T04:00,5,3,10,6,24,8,0.7,4,0.7,16,74
2026-05-03T05:00,5,7,23,15,56,18,1.4,10,1.3,15,61
2026-05-03T06:00,5,7,22,14,53,17,1.5,9,1.3,18,58
2026-05-03T07:00,5,9,28,18,67,22,2.1,12,1.9,18,55
2026-05-03T08:00,5,6,20,13,48,15,1.3,8,1.2,19,52
2026-05-03T09:00,5,8,26,17,63,20,1.4,11,1.3,19,49
2026-05-03T10:00,5,8,25,16,61,20,1.5,11,1.4,24,46
2026-05-03T11:00,5,8,24,15,58,19,1.5,10,1.3,23,63
2026-05-03T12:00,5,7,23,15,55,18,1.5,10,1.4,26,60
2026-05-03T13:00,5,7,21,14,52,17,1.6,9,1.4,25,57
2026-05-03T14:00,5,5,15,10,37,12,1,6,0.9,25,54
2026-05-03T15:00,5,6,20,13,48,15,1.1,8,1,24,51
2026-05-03T16:00,5,8,26,17,63,20,1.6,11,1.4,23,48
2026-05-03T17:00,5,8,24,16,59,19,1.7,10,1.5,22,45
2026-05-03T18:00,5,10,32,20,77,25,2.1,14,1.9,24,62
2026-05-03T19:00,5,9,30,19,72,23,2.2,13,2,23,59
2026-05-03T20:00,5,5,16,10,38,12,1.1,7,0.9,24,56
2026-05-03T21:00,5,7,20,13,49,16,1.1,9,1,23,53
2026-05-03T22:00,5,6,20,13,48,15,1.2,8,1.1,22,50
2026-05-03T23:00,5,3,10,7,25,8,0.7,4,0.6,21,57
2026-05-04T00:00,5,6,18,12,45,14,1.2,8,1.1,14,74
2026-05-04T01:00,5,6,17,11,42,14,1.3,7,1.1,13,71
2026-05-04T02:00,5,4,12,8,30,10,0.8,5,0.7,14,68
2026-05-04T03:00,5,4,12,8,29,9,0.9,5,0.8,13,65
2026-05-04T04:00,5,5,15,10,38,12,0.9,7,0.8,18,62
2026-05-04T05:00,5,9,27,17,65,21,1.8,11,1.6,17,49
2026-05-04T06:00,5,11,34,22,83,27,1.9,15,1.7,20,46
2026-05-04T07:00,5,14,44,28,106,34,3.3,19,2.9,20,63
2026-05-04T08:00,5,10,31,20,76,25,2.1,13,1.9,21,60
2026-05-04T09:00,5,10,30,19,73,24,2.3,13,2,21,57
2026-05-04T10:00,5,13,39,25,95,31,2.4,17,2.1,20,54
2026-05-04T11:00,5,9,28,18,67,22,1.9,12,1.7,19,51
2026-05-04T12:00,5,11,35,23,86,28,2,15,1.7,28,48
2026-05-04T13:00,5,6,18,11,43,14,1.2,8,1.1,23,45
2026-05-04T14:00,5,8,24,15,58,19,1.6,10,1.4,27,62
2026-05-04T15:00,5,7,23,15,56,18,1.7,10,1.5,26,59
2026-05-04T16:00,5,13,40,26,98,32,2.5,17,2.2,25,56
2026-05-04T17:00,5,12,38,25,93,30,2.6,16,2.3,24,53
2026-05-04T18:00,5,16,49,31,119,38,2.7,21,2.4,20,50
2026-05-04T19:00,5,8,25,16,61,20,1.7,11,1.5,21,47
2026-05-04T20:00,5,8,25,16,60,19,1.7,11,1.5,20,64
2026-05-04T21:00,5,8,24,15,58,19,1.8,10,1.6,19,61
2026-05-04T22:00,5,10,31,20,75,24,1.9,13,1.7,24,58
2026-05-04T23:00,5,5,16,10,39,13,1.1,7,1,23,65
2026-05-05T00:00,5,7,20,13,50,16,1.1,9,1,16,62
2026-05-05T01:00,5,3,11,7,26,8,0.7,5,0.6,17,59
2026-05-05T02:00,5,4,14,9,34,11,0.8,6,0.7,16,56
2026-05-05T03:00,5,4,13,9,33,11,1,6,0.9,15,73
2026-05-05T04:00,5,6,17,11,42,14,1.1,7,0.9,14,70
2026-05-05T05:00,5,10,30,19,73,24,2,13,1.8,13,57
2026-05-05T06:00,5,12,38,25,93,30,2.1,16,1.9,22,54
2026-05-05T07:00,5,9,27,17,65,21,1.8,11,1.6,18,51
2026-05-05T08:00,5,11,35,23,86,28,2,15,1.7,23,48
2026-05-05T09:00,5,11,34,22,83,27,2.1,15,1.8,23,45
2026-05-05T10:00,5,14,44,28,106,34,2.7,19,2.4,22,62
2026-05-05T11:00,5,10,31,20,75,24,2.1,13,1.9,21,59
2026-05-05T12:00,5,9,29,19,70,23,2.2,12,1.9,24,56
2026-05-05T13:00,5,7,21,13,50,16,1.4,9,1.2,25,53
2026-05-05T14:00,5,9,27,17,65,21,1.5,12,1.3,23,50
2026-05-05T15:00,5,8,26,17,63,20,1.6,11,1.4,22,47
2026-05-05T16:00,5,14,45,29,109,35,2.8,19,2.5,27,64
2026-05-05T17:00,5,14,43,28,105,34,2.9,18,2.6,26,61
2026-05-05T18:00,5,13,40,26,98,32,3,17,2.7,22,58
2026-05-05T19:00,5,9,29,18,70,23,1.9,12,1.7,23,55
2026-05-05T20:00,5,9,28,18,67,22,1.5,12,1.4,22,52
2026-05-05T21:00,5,9,27,17,65,21,1.6,12,1.5,21,49
2026-05-05T22:00,5,8,25,16,62,20,1.7,11,1.5,20,46
2026-05-05T23:00,5,6,18,12,44,14,1.2,8,1.1,19,73
2026-05-06T00:00,5,5,17,11,41,13,1.3,7,1.1,18,70
2026-05-06T01:00,5,4,12,8,29,10,0.8,5,0.7,13,67
2026-05-06T02:00,5,5,16,10,38,12,0.9,7,0.8,18,64
2026-05-06T03:00,5,5,15,10,37,12,0.9,7,0.8,17,61
2026-05-06T04:00,5,5,14,9,35,11,1,6,0.9,16,58
2026-05-06T05:00,5,11,34,22,82,27,1.9,14,1.7,15,45
2026-05-06T06:00,5,10,32,20,77,25,2.4,14,2.1,18,62
2026-05-06T07:00,5,10,31,20,75,24,2.1,13,1.8,20,59
2026-05-06T08:00,5,9,29,19,71,23,2.2,13,2,19,56
2026-05-06T09:00,5,12,39,25,94,30,2.4,17,2.1,19,53
2026-05-06T10:00,5,12,37,24,89,29,2.5,16,2.2,24,50
2026-05-06T11:00,5,11,35,22,84,27,1.9,15,1.7,23,47
2026-05-06T12:00,5,11,33,21,80,26,2.4,14,2.2,26,64
2026-05-06T13:00,5,8,23,15,57,18,1.6,10,1.4,27,61
2026-05-06T14:00,5,7,23,14,55,18,1.7,10,1.5,25,58
2026-05-06T15:00,5,9,29,19,71,23,1.8,13,1.6,24,55
2026-05-06T16:00,5,12,38,24,92,30,2.6,16,2.3,23,52
2026-05-06T17:00,5,15,48,31,117,38,2.7,21,2.4,22,49
2026-05-06T18:00,5,8,25,16,60,19,1.7,11,1.5,20,46
2026-05-06T19:00,5,11,33,21,79,26,2.2,14,2,19,63
2026-05-06T20:00,5,7,23,15,57,18,1.7,10,1.6,24,60
2026-05-06T21:00,5,10,30,19,73,24,1.9,13,1.6,23,57
2026-05-06T22:00,5,9,29,19,70,23,2,12,1.7,22,54
2026-05-06T23:00,5,6,20,13,49,16,1.1,9,1,21,61
2026-05-07T00:00,5,3,10,7,25,8,0.7,4,0.6,16,58
2026-05-07T01:00,5,4,14,9,33,11,0.8,6,0.7,15,55
2026-05-07T02:00,5,4,13,9,32,10,1,6,0.9,14,72
2026-05-07T03:00,5,6,17,11,42,13,1.1,7,0.9,13,69
2026-05-07T04:00,5,5,16,11,40,13,1.1,7,1,18,66
2026-05-07T05:00,5,12,38,24,91,30,2.1,16,1.9,17,53
2026-05-07T06:00,5,6,20,13,47,15,1.3,8,1.2,22,50
2026-05-07T07:00,5,11,35,22,84,27,1.9,15,1.7,22,47
2026-05-07T08:00,5,11,34,22,82,26,2.5,14,2.2,21,64
2026-04-30T09:00,6,39,95,47,108,76,7.7,45,5.3,19,45
2026-04-30T10:00,6,52,126,63,144,101,10.3,60,7,24,62
2026-04-30T11:00,6,37,90,45,102,72,8.1,43,5.5,23,59
2026-04-30T12:00,6,48,117,59,133,94,8.6,55,5.9,26,56
2026-04-30T13:00,6,46,112,56,127,89,9.1,53,6.2,25,53
2026-04-30T14:00,6,58,142,71,162,114,9.5,67,6.5,23,50
2026-04-30T15:00,6,30,73,36,83,58,5.9,34,4.1,24,47
2026-04-30T16:00,6,53,131,65,148,104,10.6,62,7.2,23,64
2026-04-30T17:00,6,51,126,63,143,101,11.3,59,7.7,22,61
2026-04-30T18:00,6,67,163,81,185,130,12,77,8.2,24,58
2026-04-30T19:00,6,63,155,78,176,124,12.6,73,8.6,23,55
2026-04-30T20:00,6,60,146,73,166,117,9.8,69,6.7,22,52
2026-04-30T21:00,6,31,75,38,86,60,6.2,36,4.2,23,49
2026-04-30T22:00,6,41,100,50,113,80,6.6,47,4.5,22,46
2026-04-30T23:00,6,22,53,26,60,42,4.7,25,3.2,21,73
2026-05-01T00:00,6,28,68,34,78,55,5,32,3.4,14,70
2026-05-01T01:00,6,27,65,33,74,52,5.3,31,3.6,13,67
2026-05-01T02:00,6,34,82,41,94,66,5.5,39,3.8,18,64
2026-05-01T03:00,6,18,43,21,49,34,3.5,20,2.4,13,61
2026-05-01T04:00,6,23,57,28,64,45,3.8,27,2.6,18,58
2026-05-01T05:00,6,41,99,50,113,79,7.3,47,5,17,45
2026-05-01T06:00,6,52,128,64,145,102,9.4,60,6.4,20,62
2026-05-01T07:00,6,67,165,82,187,132,13.4,78,9.1,20,59
2026-05-01T08:00,6,63,154,77,175,123,14,73,9.5,19,56
2026-05-01T09:00,6,45,109,55,124,87,8.9,52,6.1,21,53
2026-05-01T10:00,6,58,143,71,162,114,9.5,68,6.5,20,50
2026-05-01T11:00,6,42,102,51,116,82,7.5,48,5.1,19,47
2026-05-01T12:00,6,54,131,66,149,105,9.7,62,6.6,28,64
2026-05-01T13:00,6,51,126,63,143,100,10.2,59,6.9,27,61
2026-05-01T14:00,6,48,118,59,134,94,10.6,56,7.3,25,58
2026-05-01T15:00,6,34,84,42,95,67,6.8,40,4.6,26,55
2026-05-01T16:00,6,60,147,74,167,118,9.9,70,6.7,25,52
2026-05-01T17:00,6,58,143,71,162,114,10.5,67,7.1,24,49
2026-05-01T18:00,6,55,135,67,153,108,11,64,7.5,20,46
2026-05-01T19:00,6,71,174,87,198,139,14.1,82,9.6,19,63
2026-05-01T20:00,6,50,121,61,138,97,10.9,57,7.5,24,60
2026-05-01T21:00,6,35,86,43,98,69,7,41,4.8,19,57
2026-05-01T22:00,6,46,112,56,128,90,7.5,53,5.1,24,54
2026-05-01T23:00,6,24,60,30,68,48,4.4,28,3,23,61
2026-05-02T00:00,6,17,41,20,46,33,3.3,19,2.3,16,58
2026-05-02T01:00,6,22,53,26,60,42,3.5,25,2.4,15,55
2026-05-02T02:00,6,20,49,25,56,40,4.4,23,3,14,72
2026-05-02T03:00,6,14,35,18,40,28,2.9,17,2,15,69
2026-05-02T04:00,6,14,34,17,39,27,3.1,16,2.1,14,66
2026-05-02T05:00,6,33,81,40,92,65,5.9,38,4.1,13,53
2026-05-02T06:00,6,31,77,38,87,61,6.3,36,4.3,22,50
2026-05-02T07:00,6,54,133,66,151,106,8.8,63,6,22,47
2026-05-02T08:00,6,51,125,63,142,100,11.2,59,7.7,21,64
2026-05-02T09:00,6,37,90,45,102,72,7.3,42,5,23,61
2026-05-02T10:00,6,35,86,43,98,69,7.8,41,5.3,22,58
2026-05-02T11:00,6,34,83,42,95,67,6.1,39,4.2,21,55
2026-05-02T12:00,6,32,79,40,90,63,6.4,37,4.4,24,52
2026-05-02T13:00,6,41,101,51,115,81,6.7,48,4.6,23,49
2026-05-02T14:00,6,21,51,26,58,41,4.2,24,2.9,23,46
2026-05-02T15:00,6,28,69,34,78,55,5.6,32,3.8,22,63
2026-05-02T16:00,6,36,89,45,101,71,8,42,5.5,27,60
2026-05-02T17:00,6,47,116,58,131,92,8.5,55,5.8,26,57
2026-05-02T18:00,6,45,110,55,125,88,9,52,6.1,22,54
2026-05-02T19:00,6,57,140,70,159,112,9.4,66,6.4,21,51
2026-05-02T20:00,6,22,53,27,61,43,4.4,25,3,22,48
2026-05-02T21:00,6,29,71,35,80,57,4.7,33,3.2,21,45
2026-05-02T22:00,6,28,68,34,77,55,6.1,32,4.2,20,62
2026-05-02T23:00,6,20,48,24,55,39,3.6,23,2.4,19,69
2026-05-03T00:00,6,19,46,23,53,37,3.8,22,2.6,18,66
2026-05-03T01:00,6,24,59,29,67,47,3.9,28,2.7,17,63
2026-05-03T02:00,6,12,30,15,35,24,2.5,14,1.7,18,60
2026-05-03T03:00,6,16,40,20,46,32,2.7,19,1.8,17,57
2026-05-03T04:00,6,16,39,19,44,31,3.5,18,2.4,16,74
2026-05-03T05:00,6,37,91,45,103,72,6.7,43,4.6,15,61
2026-05-03T06:00,6,35,87,43,98,69,7,41,4.8,18,58
2026-05-03T07:00,6,45,109,55,124,87,9.9,52,6.8,18,55
2026-05-03T08:00,6,32,77,39,88,62,6.3,37,4.3,19,52
2026-05-03T09:00,6,41,101,51,115,81,6.8,48,4.6,19,49
2026-05-03T10:00,6,40,98,49,111,78,7.2,46,4.9,24,46
2026-05-03T11:00,6,38,93,47,106,74,6.9,44,4.7,23,63
2026-05-03T12:00,6,36,89,45,101,71,7.2,42,4.9,26,60
2026-05-03T13:00,6,34,83,42,95,67,7.6,39,5.2,25,57
2026-05-03T14:00,6,24,59,30,67,47,4.8,28,3.3,25,54
2026-05-03T15:00,6,32,77,39,88,62,5.2,37,3.5,24,51
2026-05-03T16:00,6,41,101,51,115,81,7.4,48,5.1,23,48
2026-05-03T17:00,6,39,95,48,108,76,7.8,45,5.3,22,45
2026-05-03T18:00,6,51,124,62,141,99,10,59,6.8,24,62
2026-05-03T19:00,6,47,116,58,132,93,10.5,55,7.2,23,59
2026-05-03T20:00,6,25,61,31,70,49,5,29,3.4,24,56
2026-05-03T21:00,6,33,80,40,91,64,5.3,38,3.6,23,53
2026-05-03T22:00,6,32,77,39,88,62,5.7,37,3.9,22,50
2026-05-03T23:00,6,16,40,20,46,32,3.3,19,2.2,21,57
2026-05-04T00:00,6,29,72,36,82,58,5.8,34,4,14,74
2026-05-04T01:00,6,28,68,34,77,54,6.1,32,4.2,13,71
2026-05-04T02:00,6,20,48,24,55,39,3.9,23,2.7,14,68
2026-05-04T03:00,6,19,46,23,53,37,4.2,22,2.9,13,65
2026-05-04T04:00,6,25,61,30,69,49,4.5,29,3,18,62
2026-05-04T05:00,6,43,105,52,119,84,8.5,50,5.8,17,49
2026-05-04T06:00,6,55,135,67,153,108,8.9,64,6.1,20,46
2026-05-04T07:00,6,70,171,86,195,137,15.4,81,10.5,20,63
2026-05-04T08:00,6,50,123,61,139,98,9.9,58,6.8,21,60
2026-05-04T09:00,6,48,118,59,134,94,10.7,56,7.3,21,57
2026-05-04T10:00,6,63,154,77,175,123,11.3,73,7.7,20,54
2026-05-04T11:00,6,44,108,54,123,86,8.8,51,6,19,51
2026-05-04T12:00,6,57,138,69,157,111,9.2,65,6.3,28,48
2026-05-04T13:00,6,29,70,35,80,56,5.7,33,3.9,23,45
2026-05-04T14:00,6,38,94,47,106,75,7.6,44,5.2,27,62
2026-05-04T15:00,6,37,90,45,102,72,8.1,43,5.5,26,59
2026-05-04T16:00,6,65,158,79,180,127,11.6,75,7.9,25,56
2026-05-04T17:00,6,62,151,75,171,120,12.3,71,8.4,24,53
2026-05-04T18:00,6,79,192,96,218,154,12.8,91,8.7,20,50
2026-05-04T19:00,6,40,98,49,112,79,8,46,5.5,21,47
2026-05-04T20:00,6,40,97,48,110,77,7.8,46,5.3,20,64
2026-05-04T21:00,6,38,93,47,106,74,8.4,44,5.7,19,61
2026-05-04T22:00,6,49,121,60,137,96,8.9,57,6.1,24,58
2026-05-04T23:00,6,26,63,32,72,51,5.1,30,3.5,23,65
2026-05-05T00:00,6,33,80,40,91,64,5.4,38,3.7,16,62
2026-05-05T01:00,6,17,41,21,47,33,3.4,20,2.3,17,59
2026-05-05T02:00,6,22,55,27,62,44,3.6,26,2.5,16,56
2026-05-05T03:00,6,22,53,26,60,42,4.7,25,3.2,15,73
2026-05-05T04:00,6,28,68,34,78,55,5,32,3.4,14,70
2026-05-05T05:00,6,48,118,59,135,95,9.6,56,6.6,13,57
2026-05-05T06:00,6,61,150,75,170,120,10.1,71,6.9,22,54
2026-05-05T07:00,6,43,105,53,120,84,8.6,50,5.9,18,51
2026-05-05T08:00,6,57,139,69,158,111,9.2,66,6.3,23,48
2026-05-05T09:00,6,55,134,67,152,107,9.8,63,6.7,23,45
2026-05-05T10:00,6,70,172,86,196,138,12.7,81,8.7,22,62
2026-05-05T11:00,6,50,122,61,139,98,9.9,58,6.8,21,59
2026-05-05T12:00,6,47,114,57,130,91,10.3,54,7.1,24,56
2026-05-05T13:00,6,33,81,40,92,65,6.6,38,4.5,25,53
2026-05-05T14:00,6,43,106,53,120,85,7.1,50,4.8,23,50
2026-05-05T15:00,6,42,102,51,116,82,7.5,48,5.1,22,47
2026-05-05T16:00,6,72,177,88,201,142,13.1,84,8.9,27,64
2026-05-05T17:00,6,69,169,85,193,136,13.7,80,9.4,26,61
2026-05-05T18:00,6,65,159,79,180,127,14.4,75,9.8,22,58
2026-05-05T19:00,6,46,113,56,128,90,9.2,53,6.3,23,55
2026-05-05T20:00,6,45,109,55,124,87,7.3,52,5,22,52
2026-05-05T21:00,6,43,106,53,120,85,7.8,50,5.3,21,49
2026-05-05T22:00,6,41,100,50,113,80,8.2,47,5.6,20,46
2026-05-05T23:00,6,29,71,36,81,57,5.8,34,3.9,19,73
2026-05-06T00:00,6,27,67,33,76,53,6,32,4.1,18,70
2026-05-06T01:00,6,19,48,24,54,38,3.9,22,2.6,13,67
2026-05-06T02:00,6,25,62,31,70,49,4.1,29,2.8,18,64
2026-05-06T03:00,6,24,60,30,68,48,4.4,28,3,17,61
2026-05-06T04:00,6,23,57,28,64,45,4.6,27,3.2,16,58
2026-05-06T05:00,6,54,133,66,151,106,8.8,63,6,15,45
2026-05-06T06:00,6,51,125,62,142,100,11.2,59,7.7,18,62
2026-05-06T07:00,6,49,121,60,137,96,9.8,57,6.7,20,59
2026-05-06T08:00,6,47,116,58,131,92,10.5,55,7.2,19,56
2026-05-06T09:00,6,62,151,76,172,121,11.1,72,7.6,19,53
2026-05-06T10:00,6,59,144,72,163,115,11.7,68,8,24,50
2026-05-06T11:00,6,56,137,68,155,109,9.1,65,6.2,23,47
2026-05-06T12:00,6,53,129,64,146,103,11.5,61,7.9,26,64
2026-05-06T13:00,6,38,92,46,105,74,7.5,44,5.1,27,61
2026-05-06T14:00,6,36,89,44,101,71,8,42,5.5,25,58
2026-05-06T15:00,6,47,116,58,131,92,8.5,55,5.8,24,55
2026-05-06T16:00,6,61,148,74,168,119,12.1,70,8.2,23,52
2026-05-06T17:00,6,77,189,95,215,152,12.6,90,8.6,22,49
2026-05-06T18:00,6,39,96,48,110,77,7.9,46,5.4,20,46
2026-05-06T19:00,6,53,128,64,146,103,10.4,61,7.1,19,63
2026-05-06T20:00,6,37,92,46,104,73,8.3,43,5.6,24,60
2026-05-06T21:00,6,49,119,59,135,95,8.8,56,6,23,57
2026-05-06T22:00,6,46,113,57,129,91,9.2,54,6.3,22,54
2026-05-06T23:00,6,32,79,40,90,63,5.3,37,3.6,21,61
2026-05-07T00:00,6,17,41,20,46,33,3.3,19,2.3,16,58
2026-05-07T01:00,6,22,54,27,61,43,3.6,26,2.4,15,55
2026-05-07T02:00,6,21,52,26,59,42,4.7,25,3.2,14,72
2026-05-07T03:00,6,28,67,34,76,54,5,32,3.4,13,69
2026-05-07T04:00,6,26,64,32,73,51,5.2,30,3.6,18,66
2026-05-07T05:00,6,61,148,74,168,118,9.9,70,6.8,17,53
2026-05-07T06:00,6,31,77,38,87,61,6.3,36,4.3,22,50
2026-05-07T07:00,6,56,137,68,155,109,9.1,65,6.2,22,47
2026-05-07T08:00,6,54,132,66,150,106,11.8,62,8.1,21,64
2026-04-30T09:00,7,82,181,96,145,181,16.4,108,11.4,19,45
2026-04-30T10:00,7,109,241,129,193,241,21.7,144,15.1,24,62
2026-04-30T11:00,7,78,172,92,138,172,17.2,102,12,23,59
2026-04-30T12:00,7,101,224,119,179,224,18.3,133,12.7,26,56
2026-04-30T13:00,7,96,213,114,170,213,19.2,127,13.4,25,53
2026-04-30T14:00,7,123,271,145,217,271,20.1,162,14,23,50
2026-04-30T15:00,7,63,139,74,111,139,12.6,83,8.7,24,47
2026-04-30T16:00,7,113,249,133,199,249,22.4,148,15.5,23,64
2026-04-30T17:00,7,109,240,128,192,240,24,143,16.6,22,61
2026-04-30T18:00,7,141,311,166,249,311,25.4,185,17.6,24,58
2026-04-30T19:00,7,134,296,158,237,296,26.7,176,18.6,23,55
2026-04-30T20:00,7,126,279,149,223,279,20.7,166,14.4,22,52
2026-04-30T21:00,7,65,144,77,115,144,13,86,9,23,49
2026-04-30T22:00,7,86,190,102,152,190,14,113,9.7,22,46
2026-04-30T23:00,7,46,101,54,81,101,10.1,60,7,21,73
2026-05-01T00:00,7,59,130,69,104,130,10.7,78,7.4,14,70
2026-05-01T01:00,7,56,124,66,99,124,11.2,74,7.8,13,67
2026-05-01T02:00,7,71,157,84,126,157,11.7,94,8.1,18,64
2026-05-01T03:00,7,37,82,44,66,82,7.4,49,5.1,13,61
2026-05-01T04:00,7,49,108,58,86,108,8,64,5.5,18,58
2026-05-01T05:00,7,86,190,101,152,190,15.4,113,10.7,17,45
2026-05-01T06:00,7,110,243,130,195,243,19.9,145,13.8,20,62
2026-05-01T07:00,7,142,314,168,250,314,28.3,187,19.7,20,59
2026-05-01T08:00,7,133,294,157,235,294,29.6,175,20.5,19,56
2026-05-01T09:00,7,94,208,111,167,208,18.8,124,13.1,21,53
2026-05-01T10:00,7,123,273,146,218,273,20.2,162,14,20,50
2026-05-01T11:00,7,88,196,104,156,196,15.9,116,11,19,47
2026-05-01T12:00,7,113,250,133,200,250,20.5,149,14.2,28,64
2026-05-01T13:00,7,108,240,128,192,240,21.6,143,15,27,61
2026-05-01T14:00,7,102,225,120,180,225,22.5,134,15.6,25,58
2026-05-01T15:00,7,72,160,85,128,160,14.4,95,10,26,55
2026-05-01T16:00,7,127,281,150,225,281,20.9,167,14.5,25,52
2026-05-01T17:00,7,123,272,145,218,272,22.2,162,15.4,24,49
2026-05-01T18:00,7,116,257,137,206,257,23.3,153,16.2,20,46
2026-05-01T19:00,7,151,333,178,250,333,29.9,198,20.8,19,63
2026-05-01T20:00,7,105,232,123,185,232,23.2,138,16.1,24,60
2026-05-01T21:00,7,75,165,88,132,165,14.9,98,10.3,19,57
2026-05-01T22:00,7,97,214,114,171,214,15.9,128,11.1,24,54
2026-05-01T23:00,7,52,114,61,91,114,9.3,68,6.5,23,61
2026-05-02T00:00,7,35,78,42,62,78,7.1,46,4.9,16,58
2026-05-02T01:00,7,45,100,54,80,100,7.4,60,5.1,15,55
2026-05-02T02:00,7,43,94,50,76,94,9.4,56,6.5,14,72
2026-05-02T03:00,7,31,68,36,54,68,6.1,40,4.2,15,69
2026-05-02T04:00,7,29,65,35,52,65,6.5,39,4.5,14,66
2026-05-02T05:00,7,70,154,82,123,154,12.6,92,8.7,13,53
2026-05-02T06:00,7,66,146,78,117,146,13.2,87,9.2,22,50
2026-05-02T07:00,7,115,253,135,203,253,18.7,151,13,22,47
2026-05-02T08:00,7,108,239,127,191,239,23.7,142,16.5,21,64
2026-05-02T09:00,7,77,171,91,137,171,15.4,102,10.7,23,61
2026-05-02T10:00,7,74,164,88,131,164,16.5,98,11.5,22,58
2026-05-02T11:00,7,72,159,85,127,159,13,95,9,21,55
2026-05-02T12:00,7,68,151,80,121,151,13.6,90,9.5,24,52
2026-05-02T13:00,7,87,193,103,154,193,14.3,115,9.9,23,49
2026-05-02T14:00,7,44,98,52,79,98,8.9,58,6.2,23,46
2026-05-02T15:00,7,59,131,70,105,131,11.8,78,8.2,22,63
2026-05-02T16:00,7,77,170,91,136,170,17,101,11.8,27,60
2026-05-02T17:00,7,100,221,118,176,221,18,131,12.5,26,57
2026-05-02T18:00,7,95,210,112,168,210,19,125,13.2,22,54
2026-05-02T19:00,7,121,267,143,214,267,19.8,159,13.8,21,51
2026-05-02T20:00,7,46,102,54,81,102,9.2,61,6.4,22,48
2026-05-02T21:00,7,61,135,72,108,135,9.9,80,6.9,21,45
2026-05-02T22:00,7,59,130,69,104,130,13,77,9,20,62
2026-05-02T23:00,7,42,92,49,74,92,7.6,55,5.3,19,69
2026-05-03T00:00,7,40,88,47,71,88,8,53,5.5,18,66
2026-05-03T01:00,7,51,112,60,89,112,8.3,67,5.8,17,63
2026-05-03T02:00,7,26,58,31,46,58,5.2,35,3.6,18,60
2026-05-03T03:00,7,35,77,41,61,77,5.6,46,3.9,17,57
2026-05-03T04:00,7,33,74,39,59,74,7.3,44,5.1,16,74
2026-05-03T05:00,7,78,173,92,138,173,14.1,103,9.8,15,61
2026-05-03T06:00,7,75,165,88,132,165,14.9,98,10.3,18,58
2026-05-03T07:00,7,94,208,111,167,208,21,124,14.6,18,55
2026-05-03T08:00,7,67,147,79,118,147,13.3,88,9.3,19,52
2026-05-03T09:00,7,88,194,103,155,194,14.3,115,9.9,19,49
2026-05-03T10:00,7,85,187,100,150,187,15.2,111,10.6,24,46
2026-05-03T11:00,7,80,178,95,142,178,14.6,106,10.1,23,63
2026-05-03T12:00,7,77,170,91,136,170,15.3,101,10.6,26,60
2026-05-03T13:00,7,72,159,85,127,159,16,95,11.1,25,57
2026-05-03T14:00,7,51,113,60,90,113,10.2,67,7.1,25,54
2026-05-03T15:00,7,67,148,79,118,148,10.9,88,7.6,24,51
2026-05-03T16:00,7,87,193,103,154,193,15.7,115,10.9,23,48
2026-05-03T17:00,7,82,182,97,146,182,16.5,108,11.5,22,45
2026-05-03T18:00,7,107,236,126,189,236,21.2,141,14.8,24,62
2026-05-03T19:00,7,100,222,118,177,222,22.2,132,15.4,23,59
2026-05-03T20:00,7,53,117,62,93,117,10.5,70,7.3,24,56
2026-05-03T21:00,7,69,152,81,122,152,11.3,91,7.8,23,53
2026-05-03T22:00,7,67,147,79,118,147,12,88,8.3,22,50
2026-05-03T23:00,7,35,77,41,61,77,7,46,4.8,21,57
2026-05-04T00:00,7,62,138,73,110,138,12.4,82,8.6,14,74
2026-05-04T01:00,7,58,129,69,103,129,12.9,77,9,13,71
2026-05-04T02:00,7,42,92,49,74,92,8.3,55,5.8,14,68
2026-05-04T03:00,7,40,88,47,71,88,8.9,53,6.2,13,65
2026-05-04T04:00,7,52,116,62,93,116,9.5,69,6.6,18,62
2026-05-04T05:00,7,90,200,107,160,200,18.1,119,12.6,17,49
2026-05-04T06:00,7,116,257,137,206,257,18.9,153,13.1,20,46
2026-05-04T07:00,7,148,327,174,250,327,32.5,195,22.6,20,63
2026-05-04T08:00,7,106,234,125,187,234,21,139,14.6,21,60
2026-05-04T09:00,7,102,224,120,180,224,22.6,134,15.7,21,57
2026-05-04T10:00,7,133,293,156,235,293,23.9,175,16.6,20,54
2026-05-04T11:00,7,93,206,110,165,206,18.7,123,13,19,51
2026-05-04T12:00,7,120,264,141,211,264,19.5,157,13.5,28,48
2026-05-04T13:00,7,61,134,71,107,134,12.2,80,8.4,23,45
2026-05-04T14:00,7,81,179,95,143,179,16.1,106,11.2,27,62
2026-05-04T15:00,7,78,172,92,138,172,17.2,102,12,26,59
2026-05-04T16:00,7,137,302,161,242,302,24.7,180,17.1,25,56
2026-05-04T17:00,7,130,287,153,230,287,26,171,18,24,53
2026-05-04T18:00,7,166,366,195,250,350,27.1,218,18.8,20,50
2026-05-04T19:00,7,85,187,100,150,187,17,112,11.8,21,47
2026-05-04T20:00,7,83,185,98,148,185,16.6,110,11.5,20,64
2026-05-04T21:00,7,80,178,95,142,178,17.7,106,12.3,19,61
2026-05-04T22:00,7,104,230,123,184,230,18.8,137,13.1,24,58
2026-05-04T23:00,7,55,121,64,97,121,10.9,72,7.6,23,65
2026-05-05T00:00,7,69,153,82,123,153,11.4,91,7.9,16,62
2026-05-05T01:00,7,36,79,42,63,79,7.2,47,5,17,59
2026-05-05T02:00,7,47,105,56,84,105,7.7,62,5.3,16,56
2026-05-05T03:00,7,46,101,54,81,101,10.1,60,7,15,73
2026-05-05T04:00,7,59,130,69,104,130,10.7,78,7.4,14,70
2026-05-05T05:00,7,102,226,121,181,226,20.4,135,14.2,13,57
2026-05-05T06:00,7,129,286,153,229,286,21.3,170,14.8,22,54
2026-05-05T07:00,7,91,201,107,161,201,18.2,120,12.6,18,51
2026-05-05T08:00,7,120,265,141,212,265,19.5,158,13.6,23,48
2026-05-05T09:00,7,116,256,136,205,256,20.8,152,14.4,23,45
2026-05-05T10:00,7,149,329,175,250,329,26.9,196,18.7,22,62
2026-05-05T11:00,7,105,233,124,186,233,21,139,14.6,21,59
2026-05-05T12:00,7,98,218,116,174,218,21.9,130,15.2,24,56
2026-05-05T13:00,7,70,154,82,123,154,13.9,92,9.7,25,53
2026-05-05T14:00,7,91,202,108,162,202,15,120,10.4,23,50
2026-05-05T15:00,7,88,196,104,156,196,15.9,116,11,22,47
2026-05-05T16:00,7,153,338,180,250,338,27.7,201,19.2,27,64
2026-05-05T17:00,7,146,324,173,250,324,29.1,193,20.2,26,61
2026-05-05T18:00,7,137,303,162,242,303,30.4,180,21.1,22,58
2026-05-05T19:00,7,97,215,115,172,215,19.4,128,13.5,23,55
2026-05-05T20:00,7,94,208,111,167,208,15.5,124,10.7,22,52
2026-05-05T21:00,7,91,202,108,161,202,16.4,120,11.4,21,49
2026-05-05T22:00,7,86,191,102,152,191,17.3,113,12,20,46
2026-05-05T23:00,7,61,136,72,108,136,12.2,81,8.5,19,73
2026-05-06T00:00,7,58,127,68,102,127,12.7,76,8.8,18,70
2026-05-06T01:00,7,41,91,48,73,91,8.2,54,5.7,13,67
2026-05-06T02:00,7,53,118,63,94,118,8.8,70,6.1,18,64
2026-05-06T03:00,7,52,114,61,91,114,9.3,68,6.5,17,61
2026-05-06T04:00,7,49,108,58,87,108,9.8,64,6.8,16,58
2026-05-06T05:00,7,115,254,135,203,254,18.6,151,12.9,15,45
2026-05-06T06:00,7,108,239,127,191,239,23.8,142,16.5,18,62
2026-05-06T07:00,7,104,230,123,184,230,20.7,137,14.4,20,59
2026-05-06T08:00,7,100,221,118,177,221,22.2,131,15.4,19,56
2026-05-06T09:00,7,131,289,154,231,289,23.6,172,16.4,19,53
2026-05-06T10:00,7,124,274,146,219,274,24.8,163,17.2,24,50
2026-05-06T11:00,7,118,261,139,209,261,19.2,155,13.3,23,47
2026-05-06T12:00,7,111,246,131,197,246,24.4,146,17,26,64
2026-05-06T13:00,7,80,176,94,141,176,15.8,105,11,27,61
2026-05-06T14:00,7,76,169,90,135,169,17,101,11.8,25,58
2026-05-06T15:00,7,100,221,118,176,221,18,131,12.5,24,55
2026-05-06T16:00,7,128,283,151,226,283,25.6,168,17.8,23,52
2026-05-06T17:00,7,164,362,193,250,350,26.7,215,18.6,22,49
2026-05-06T18:00,7,83,184,98,147,184,16.7,110,11.6,20,46
2026-05-06T19:00,7,111,245,131,196,245,22,146,15.3,19,63
2026-05-06T20:00,7,79,175,93,140,175,17.5,104,12.1,24,60
2026-05-06T21:00,7,103,227,121,182,227,18.5,135,12.9,23,57
2026-05-06T22:00,7,98,216,115,173,216,19.5,129,13.6,22,54
2026-05-06T23:00,7,68,151,81,121,151,11.2,90,7.8,21,61
2026-05-07T00:00,7,35,78,41,62,78,7,46,4.9,16,58
2026-05-07T01:00,7,47,103,55,82,103,7.6,61,5.3,15,55
2026-05-07T02:00,7,45,99,53,79,99,9.9,59,6.9,14,72
2026-05-07T03:00,7,58,128,68,103,128,10.5,76,7.3,13,69
2026-05-07T04:00,7,55,123,65,98,123,11,73,7.7,18,66
2026-05-07T05:00,7,128,282,151,226,282,21,168,14.6,17,53
2026-05-07T06:00,7,66,146,78,117,146,13.3,87,9.2,22,50
2026-05-07T07:00,7,118,261,139,209,261,19.2,155,13.4,22,47
2026-05-07T08:00,7,114,252,134,201,252,25,150,17.4,21,64
2026-04-30T09:00,8,6,19,14,62,22,1.4,12,1.3,19,45
2026-04-30T10:00,8,8,25,18,83,29,1.8,16,1.7,24,62
2026-04-30T11:00,8,6,18,13,59,20,1.4,11,1.3,23,59
2026-04-30T12:00,8,7,23,17,77,27,1.5,15,1.4,26,56
2026-04-30T13:00,8,7,22,16,73,25,1.6,14,1.5,25,53
2026-04-30T14:00,8,9,28,21,93,32,1.7,18,1.6,23,50
2026-04-30T15:00,8,5,15,11,48,17,1,9,1,24,47
2026-04-30T16:00,8,8,26,19,85,30,1.9,17,1.7,23,64
2026-04-30T17:00,8,8,25,18,82,29,2,16,1.9,22,61
2026-04-30T18:00,8,10,33,24,107,37,2.1,21,2,24,58
2026-04-30T19:00,8,10,31,23,102,35,2.2,20,2.1,23,55
2026-04-30T20:00,8,9,29,21,96,33,1.7,19,1.6,22,52
2026-04-30T21:00,8,5,15,11,49,17,1.1,10,1,23,49
2026-04-30T22:00,8,6,20,15,65,23,1.2,13,1.1,22,46
2026-04-30T23:00,8,3,11,8,35,12,0.8,7,0.8,21,73
2026-05-01T00:00,8,4,14,10,45,16,0.9,9,0.8,14,70
2026-05-01T01:00,8,4,13,9,43,15,0.9,8,0.9,13,67
2026-05-01T02:00,8,5,16,12,54,19,1,10,0.9,18,64
2026-05-01T03:00,8,3,9,6,28,10,0.6,5,0.6,13,61
2026-05-01T04:00,8,4,11,8,37,13,0.7,7,0.6,18,58
2026-05-01T05:00,8,6,20,14,65,23,1.3,13,1.2,17,45
2026-05-01T06:00,8,8,26,19,83,29,1.7,16,1.6,20,62
2026-05-01T07:00,8,10,33,24,108,37,2.4,21,2.2,20,59
2026-05-01T08:00,8,10,31,22,101,35,2.5,20,2.3,19,56
2026-05-01T09:00,8,7,22,16,71,25,1.6,14,1.5,21,53
2026-05-01T10:00,8,9,29,21,94,32,1.7,18,1.6,20,50
2026-05-01T11:00,8,7,20,15,67,23,1.3,13,1.2,19,47
2026-05-01T12:00,8,8,26,19,86,30,1.7,17,1.6,28,64
2026-05-01T13:00,8,8,25,18,82,29,1.8,16,1.7,27,61
2026-05-01T14:00,8,7,24,17,77,27,1.9,15,1.8,25,58
2026-05-01T15:00,8,5,17,12,55,19,1.2,11,1.1,26,55
2026-05-01T16:00,8,9,29,21,96,33,1.7,19,1.6,25,52
2026-05-01T17:00,8,9,29,21,93,32,1.8,18,1.7,24,49
2026-05-01T18:00,8,9,27,20,88,31,1.9,17,1.8,20,46
2026-05-01T19:00,8,11,35,25,114,40,2.5,22,2.3,19,63
2026-05-01T20:00,8,8,24,18,79,28,1.9,15,1.8,24,60
2026-05-01T21:00,8,5,17,13,57,20,1.2,11,1.2,19,57
2026-05-01T22:00,8,7,22,16,73,26,1.3,14,1.2,24,54
2026-05-01T23:00,8,4,12,9,39,14,0.8,8,0.7,23,61
2026-05-02T00:00,8,3,8,6,27,9,0.6,5,0.5,16,58
2026-05-02T01:00,8,3,11,8,34,12,0.6,7,0.6,15,55
2026-05-02T02:00,8,3,10,7,32,11,0.8,6,0.7,14,72
2026-05-02T03:00,8,2,7,5,23,8,0.5,5,0.5,15,69
2026-05-02T04:00,8,2,7,5,22,8,0.5,4,0.5,14,66
2026-05-02T05:00,8,5,16,12,53,18,1,10,1,13,53
2026-05-02T06:00,8,5,15,11,50,17,1.1,10,1,22,50
2026-05-02T07:00,8,8,27,19,87,30,1.6,17,1.5,22,47
2026-05-02T08:00,8,8,25,18,82,28,2,16,1.8,21,64
2026-05-02T09:00,8,6,18,13,59,20,1.3,11,1.2,23,61
2026-05-02T10:00,8,5,17,13,56,20,1.4,11,1.3,22,58
2026-05-02T11:00,8,5,17,12,54,19,1.1,11,1,21,55
2026-05-02T12:00,8,5,16,11,52,18,1.1,10,1.1,24,52
2026-05-02T13:00,8,6,20,15,66,23,1.2,13,1.1,23,49
2026-05-02T14:00,8,3,10,7,34,12,0.7,7,0.7,23,46
2026-05-02T15:00,8,4,14,10,45,16,1,9,0.9,22,63
2026-05-02T16:00,8,6,18,13,58,20,1.4,11,1.3,27,60
2026-05-02T17:00,8,7,23,17,76,26,1.5,15,1.4,26,57
2026-05-02T18:00,8,7,22,16,72,25,1.6,14,1.5,22,54
2026-05-02T19:00,8,9,28,20,92,32,1.7,18,1.5,21,51
2026-05-02T20:00,8,3,11,8,35,12,0.8,7,0.7,22,48
2026-05-02T21:00,8,4,14,10,46,16,0.8,9,0.8,21,45
2026-05-02T22:00,8,4,14,10,45,15,1.1,9,1,20,62
2026-05-02T23:00,8,3,10,7,32,11,0.6,6,0.6,19,69
2026-05-03T00:00,8,3,9,7,30,11,0.7,6,0.6,18,66
2026-05-03T01:00,8,4,12,9,38,13,0.7,7,0.6,17,63
2026-05-03T02:00,8,2,6,4,20,7,0.5,4,0.5,18,60
2026-05-03T03:00,8,3,8,6,26,9,0.5,5,0.5,17,57
2026-05-03T04:00,8,2,8,6,25,9,0.6,5,0.6,16,74
2026-05-03T05:00,8,6,18,13,59,21,1.2,12,1.1,15,61
2026-05-03T06:00,8,6,17,13,57,20,1.2,11,1.2,18,58
2026-05-03T07:00,8,7,22,16,71,25,1.7,14,1.6,18,55
2026-05-03T08:00,8,5,15,11,51,18,1.1,10,1,19,52
2026-05-03T09:00,8,6,20,15,66,23,1.2,13,1.1,19,49
2026-05-03T10:00,8,6,20,14,64,22,1.3,12,1.2,24,46
2026-05-03T11:00,8,6,19,14,61,21,1.2,12,1.1,23,63
2026-05-03T12:00,8,6,18,13,58,20,1.3,11,1.2,26,60
2026-05-03T13:00,8,5,17,12,55,19,1.3,11,1.2,25,57
2026-05-03T14:00,8,4,12,9,39,13,0.9,8,0.8,25,54
2026-05-03T15:00,8,5,15,11,51,18,0.9,10,0.9,24,51
2026-05-03T16:00,8,6,20,15,66,23,1.3,13,1.2,23,48
2026-05-03T17:00,8,6,19,14,62,22,1.4,12,1.3,22,45
2026-05-03T18:00,8,8,25,18,81,28,1.8,16,1.7,24,62
2026-05-03T19:00,8,7,23,17,76,26,1.8,15,1.7,23,59
2026-05-03T20:00,8,4,12,9,40,14,0.9,8,0.8,24,56
2026-05-03T21:00,8,5,16,12,52,18,0.9,10,0.9,23,53
2026-05-03T22:00,8,5,15,11,51,18,1,10,0.9,22,50
2026-05-03T23:00,8,3,8,6,26,9,0.6,5,0.5,21,57
2026-05-04T00:00,8,5,14,10,47,16,1,9,1,14,74
2026-05-04T01:00,8,4,14,10,44,15,1.1,9,1,13,71
2026-05-04T02:00,8,3,10,7,32,11,0.7,6,0.6,14,68
2026-05-04T03:00,8,3,9,7,30,11,0.7,6,0.7,13,65
2026-05-04T04:00,8,4,12,9,40,14,0.8,8,0.7,18,62
2026-05-04T05:00,8,7,21,15,69,24,1.5,13,1.4,17,49
2026-05-04T06:00,8,9,27,20,88,31,1.6,17,1.5,20,46
2026-05-04T07:00,8,11,34,25,112,39,2.7,22,2.5,20,63
2026-05-04T08:00,8,8,25,18,80,28,1.8,16,1.6,21,60
2026-05-04T09:00,8,7,24,17,77,27,1.9,15,1.8,21,57
2026-05-04T10:00,8,10,31,22,101,35,2,20,1.9,20,54
2026-05-04T11:00,8,7,22,16,71,25,1.6,14,1.5,19,51
2026-05-04T12:00,8,9,28,20,91,31,1.6,18,1.5,28,48
2026-05-04T13:00,8,4,14,10,46,16,1,9,0.9,23,45
2026-05-04T14:00,8,6,19,14,61,21,1.3,12,1.3,27,62
2026-05-04T15:00,8,6,18,13,59,20,1.4,11,1.3,26,59
2026-05-04T16:00,8,10,32,23,104,36,2.1,20,1.9,25,56
2026-05-04T17:00,8,10,30,22,99,34,2.2,19,2,24,53
2026-05-04T18:00,8,12,38,28,126,44,2.3,24,2.1,20,50
2026-05-04T19:00,8,6,20,14,64,22,1.4,12,1.3,21,47
2026-05-04T20:00,8,6,19,14,63,22,1.4,12,1.3,20,64
2026-05-04T21:00,8,6,19,14,61,21,1.5,12,1.4,19,61
2026-05-04T22:00,8,8,24,18,79,27,1.6,15,1.5,24,58
2026-05-04T23:00,8,4,13,9,41,14,0.9,8,0.8,23,65
2026-05-05T00:00,8,5,16,12,53,18,0.9,10,0.9,16,62
2026-05-05T01:00,8,3,8,6,27,9,0.6,5,0.6,17,59
2026-05-05T02:00,8,3,11,8,36,12,0.6,7,0.6,16,56
2026-05-05T03:00,8,3,11,8,35,12,0.8,7,0.8,15,73
2026-05-05T04:00,8,4,14,10,45,16,0.9,9,0.8,14,70
2026-05-05T05:00,8,8,24,17,78,27,1.7,15,1.6,13,57
2026-05-05T06:00,8,10,30,22,98,34,1.8,19,1.7,22,54
2026-05-05T07:00,8,7,21,15,69,24,1.5,13,1.4,18,51
2026-05-05T08:00,8,9,28,20,91,32,1.6,18,1.5,23,48
2026-05-05T09:00,8,9,27,19,88,30,1.7,17,1.6,23,45
2026-05-05T10:00,8,11,34,25,113,39,2.2,22,2.1,22,62
2026-05-05T11:00,8,8,24,18,80,28,1.7,16,1.6,21,59
2026-05-05T12:00,8,7,23,17,75,26,1.8,15,1.7,24,56
2026-05-05T13:00,8,5,16,12,53,18,1.2,10,1.1,25,53
2026-05-05T14:00,8,7,21,15,69,24,1.2,13,1.2,23,50
2026-05-05T15:00,8,7,20,15,67,23,1.3,13,1.2,22,47
2026-05-05T16:00,8,11,35,26,116,40,2.3,23,2.2,27,64
2026-05-05T17:00,8,11,34,25,111,39,2.4,22,2.3,26,61
2026-05-05T18:00,8,10,32,23,104,36,2.5,20,2.4,22,58
2026-05-05T19:00,8,7,23,16,74,26,1.6,14,1.5,23,55
2026-05-05T20:00,8,7,22,16,71,25,1.3,14,1.2,22,52
2026-05-05T21:00,8,7,21,15,69,24,1.4,13,1.3,21,49
2026-05-05T22:00,8,6,20,15,65,23,1.4,13,1.3,20,46
2026-05-05T23:00,8,5,14,10,46,16,1,9,0.9,19,73
2026-05-06T00:00,8,4,13,10,44,15,1.1,8,1,18,70
2026-05-06T01:00,8,3,10,7,31,11,0.7,6,0.6,13,67
2026-05-06T02:00,8,4,12,9,40,14,0.7,8,0.7,18,64
2026-05-06T03:00,8,4,12,9,39,14,0.8,8,0.7,17,61
2026-05-06T04:00,8,4,11,8,37,13,0.8,7,0.8,16,58
2026-05-06T05:00,8,8,27,19,87,30,1.6,17,1.4,15,45
2026-05-06T06:00,8,8,25,18,82,28,2,16,1.9,18,62
2026-05-06T07:00,8,8,24,18,79,27,1.7,15,1.6,20,59
2026-05-06T08:00,8,7,23,17,76,26,1.9,15,1.7,19,56
2026-05-06T09:00,8,10,30,22,99,34,2,19,1.8,19,53
2026-05-06T10:00,8,9,29,21,94,33,2.1,18,1.9,24,50
2026-05-06T11:00,8,9,27,20,89,31,1.6,17,1.5,23,47
2026-05-06T12:00,8,8,26,19,84,29,2,16,1.9,26,64
2026-05-06T13:00,8,6,18,13,60,21,1.3,12,1.2,27,61
2026-05-06T14:00,8,6,18,13,58,20,1.4,11,1.3,25,58
2026-05-06T15:00,8,7,23,17,76,26,1.5,15,1.4,24,55
2026-05-06T16:00,8,9,30,22,97,34,2.1,19,2,23,52
2026-05-06T17:00,8,12,38,28,124,43,2.2,24,2.1,22,49
2026-05-06T18:00,8,6,19,14,63,22,1.4,12,1.3,20,46
2026-05-06T19:00,8,8,26,19,84,29,1.8,16,1.7,19,63
2026-05-06T20:00,8,6,18,13,60,21,1.5,12,1.4,24,60
2026-05-06T21:00,8,8,24,17,78,27,1.5,15,1.4,23,57
2026-05-06T22:00,8,7,23,16,74,26,1.6,14,1.5,22,54
2026-05-06T23:00,8,5,16,12,52,18,0.9,10,0.9,21,61
2026-05-07T00:00,8,3,8,6,27,9,0.6,5,0.5,16,58
2026-05-07T01:00,8,3,11,8,35,12,0.6,7,0.6,15,55
2026-05-07T02:00,8,3,10,8,34,12,0.8,7,0.8,14,72
2026-05-07T03:00,8,4,13,10,44,15,0.9,9,0.8,13,69
2026-05-07T04:00,8,4,13,9,42,15,0.9,8,0.9,18,66
2026-05-07T05:00,8,9,30,22,97,34,1.7,19,1.6,17,53
2026-05-07T06:00,8,5,15,11,50,17,1.1,10,1,22,50
2026-05-07T07:00,8,9,27,20,89,31,1.6,17,1.5,22,47
2026-05-07T08:00,8,8,26,19,86,30,2.1,17,1.9,21,64